"time","anomaly"
NA,8.45812693425424
1974-06-05,2.9760818307691
1974-06-12,6.83492091398061
1974-06-19,3.02577632590768
1974-06-26,-2.42650878306009
1974-07-03,-5.19838162797989
1974-07-10,0.501431727754895
1974-07-17,-8.05414940759674
1974-07-24,-0.191267859943987
1974-07-31,-9.35493713231479
1974-08-07,-1.29941803094352
1974-08-14,-3.04172975949536
1974-08-21,-0.756079053121908
1974-08-28,-3.80576347682787
1974-09-04,-9.09938646768027
1974-09-11,-14.003132014936
1974-09-18,-9.92615883394798
1974-09-25,-9.30897260604027
1974-10-02,-14.0968743234112
1974-10-09,-1.77020264777584
1974-10-16,-7.29491376909739
1974-10-23,-6.29202097122056
1974-10-30,-0.62883721845902
1974-11-06,5.81947644999144
1974-11-13,-2.49782876277316
1974-11-20,8.40185108066346
1974-11-27,-1.78313211581886
1974-12-04,16.149479488902
1974-12-11,5.01740429801231
1974-12-18,4.16869365515752
1974-12-25,-4.79812819886981
1975-01-01,3.75318999728142
1975-01-08,-10.0399671956043
1975-01-15,2.06569218763901
1975-01-22,7.34830391451439
1975-01-29,9.83686203676887
1975-02-05,12.86494098766
1975-02-12,-21.9253242592716
1975-02-19,-5.06376286856136
1975-02-26,-1.92759448381191
1975-03-05,5.03110732821615
1975-03-12,-3.74175959785203
1975-03-19,-14.7803185730706
1975-03-26,-1.1786535789853
1975-04-02,-2.00676603879038
1975-04-09,6.48920356387184
1975-04-16,7.4530282641214
1975-04-23,0.726509795012293
1975-04-30,0.173839250191179
1975-05-07,-1.23465027662812
1975-05-14,1.23598707464847
1975-05-21,3.41631377366485
1975-05-28,-3.31867748280681
1975-06-04,0.611354071786272
1975-06-11,10.6120412138102
1975-06-18,-3.06915817524007
1975-06-25,-6.52421835931603
1975-07-02,-1.19120439328021
1975-07-09,-2.37918150265354
1975-07-16,0.896600908867811
1975-07-23,1.04759709560271
1975-07-30,-1.93347178604621
1975-08-06,2.81539892824541
1975-08-13,-3.18218931009886
1975-08-20,-3.30126916162716
1975-08-27,-6.79195571699334
1975-09-03,-5.42991949045881
1975-09-10,-5.54758955677104
1975-09-17,-4.13052943448842
1975-09-24,-8.98115350579788
1975-10-01,-6.89997053495187
1975-10-08,-12.4624785950465
1975-10-15,0.473100874159067
1975-10-22,-22.674941950259
1975-10-29,-5.83664069165847
1975-11-05,-4.68828247681085
1975-11-12,5.81278854485954
1975-11-19,6.39002316081994
1975-11-26,7.56189062883313
1975-12-03,3.25631433122318
1975-12-10,6.10725491710002
1975-12-17,-6.48237364027235
1975-12-24,1.04526610022335
1975-12-31,6.88561927053005
1976-01-07,-10.1044009970171
1976-01-14,-3.61427124212988
1976-01-21,-2.54119041974665
1976-01-28,0.894952902784017
1976-02-04,-4.99707268503635
1976-02-11,-8.52972172170446
1976-02-18,5.05917059119773
1976-02-25,-0.743268326153173
1976-03-03,-4.47815722598683
1976-03-10,3.41923855767733
1976-03-17,-3.50784771873837
1976-03-24,-5.73869770998678
1976-03-31,8.63666600572158
1976-04-07,2.60938648957214
1976-04-14,-2.36933955385992
1976-04-21,5.71124858930207
1976-04-28,2.79609643791509
1976-05-05,5.39670401114004
1976-05-12,5.27320473430438
1976-05-19,2.88157199059003
1976-05-26,-0.427574859565315
1976-06-02,-1.49590908419399
1976-06-09,9.123231242557
1976-06-16,4.04141509778093
1976-06-23,5.34611550983352
1976-06-30,2.16051459671136
1976-07-07,6.05158038511204
1976-07-14,0.883088298136816
1976-07-21,-0.299475241398466
1976-07-28,-2.81471566936738
1976-08-04,-3.38805430262891
1976-08-11,-1.29067572204716
1976-08-18,-4.67882463338047
1976-08-25,-1.33077553327204
1976-09-01,1.66828983062049
1976-09-08,0.61287849326229
1976-09-15,2.02717494451235
1976-09-22,-4.03399068070248
1976-09-29,-8.78247304354312
1976-10-06,-13.3903602152549
1976-10-13,-13.0711332001301
1976-10-20,-13.1675928393588
1976-10-27,-1.18350408908167
1976-11-03,1.07592491955491
1976-11-10,-3.97913612276212
1976-11-17,-5.82629373312161
1976-11-24,-1.76920110466894
1976-12-01,6.04539990579779
1976-12-08,0.937291412142908
1976-12-15,4.09625009203713
1976-12-22,-5.83839897908697
1976-12-29,1.28719893377184
1977-01-05,6.01263025940657
1977-01-12,-10.7329405516736
1977-01-19,-2.9959686058155
1977-01-26,2.57735205966906
1977-02-02,4.15862020330646
1977-02-09,5.4598032680851
1977-02-16,-10.6427186137977
1977-02-23,-15.2901176073536
1977-03-02,2.01469056239368
1977-03-09,-8.38059679956746
1977-03-16,1.71773101725906
1977-03-23,0.762344875436619
1977-03-30,-2.14243408418417
1977-04-06,-2.80481602098576
1977-04-13,2.85393340526224
1977-04-20,3.31870095981282
1977-04-27,-0.547868404220237
1977-05-04,-5.33177723771891
1977-05-11,-12.2689450498443
1977-05-18,-9.58962766455594
1977-05-25,-6.34583639854687
1977-06-01,0.111582977397887
1977-06-08,1.85066135056353
1977-06-15,-7.56483139975306
1977-06-22,-3.14549359149815
1977-06-29,-4.20529625249616
1977-07-06,4.92528741808906
1977-07-13,3.47854392747373
1977-07-20,2.28009414356935
1977-07-27,0.656415675277129
1977-08-03,-5.42786288527969
1977-08-10,-2.63783195342912
1977-08-17,1.72639662569519
1977-08-24,4.89527069154979
1977-08-31,-2.32273331109699
1977-09-07,-9.9737817726109
1977-09-14,-0.477820423934438
1977-09-21,3.45066367887151
1977-09-28,1.26652399119713
1977-10-05,-1.35270978823623
1977-10-12,-3.38758742369974
1977-10-19,4.7202189685724
1977-10-26,10.6105054588134
1977-11-02,-2.6544624081145
1977-11-09,2.52396965895627
1977-11-16,-0.896578701485262
1977-11-23,-0.932306042467839
1977-11-30,-7.49656799716567
1977-12-07,13.4565691608984
1977-12-14,3.38682003929501
1977-12-21,0.196843397247124
1977-12-28,1.34963522016632
1978-01-04,-9.36267056830428
1978-01-11,3.96326800886724
1978-01-18,-14.4278949513774
1978-01-25,-14.1780512091701
1978-02-01,-8.24447843763563
1978-02-08,-0.155830944053378
1978-02-15,8.7807924948535
1978-02-22,3.38284729562026
1978-03-01,-1.53184037771284
1978-03-08,-1.6105381972877
1978-03-15,-3.33794318673692
1978-03-22,NA
1978-03-29,NA
1978-04-05,NA
1978-04-12,NA
1978-04-19,NA
1978-04-26,NA
1978-05-03,NA
1978-05-10,NA
1978-05-17,NA
1978-05-24,NA
1978-05-31,NA
1978-06-07,NA
1978-06-14,NA
1978-06-21,NA
1978-06-28,NA
1978-07-05,NA
1978-07-12,NA
1978-07-19,NA
1978-07-26,NA
1978-08-02,NA
1978-08-09,NA
1978-08-16,NA
1978-08-23,NA
1978-08-30,NA
1978-09-06,NA
1978-09-13,NA
1978-09-20,NA
1978-09-27,NA
1978-10-04,NA
1978-10-11,NA
1978-10-18,NA
1978-10-25,NA
1978-11-01,NA
1978-11-08,NA
1978-11-15,NA
1978-11-22,NA
1978-11-29,NA
1978-12-06,NA
1978-12-13,NA
1978-12-20,NA
1978-12-27,NA
1979-01-03,12.5085011824702
1979-01-10,14.0415725802783
1979-01-17,-8.99212868416036
1979-01-24,10.7877806121847
1979-01-31,0.834082553566028
1979-02-07,2.53991650093663
1979-02-14,-0.521420358640719
1979-02-21,-1.32232878311821
1979-02-28,-1.90373939898526
1979-03-07,2.95796520846558
1979-03-14,-0.950316778919679
1979-03-21,7.222151567301
1979-03-28,4.29031210709291
1979-04-04,-6.17895060436646
1979-04-11,-0.234210133493682
1979-04-18,-13.9544955465865
1979-04-25,-6.0221006637654
1979-05-02,-8.42079748298335
1979-05-09,-3.20003280881852
1979-05-16,5.89805600390022
1979-05-23,-9.97221683401279
1979-05-30,6.95472968225017
1979-06-06,4.41382100728563
1979-06-13,4.2236690581791
1979-06-20,-9.11207712198473
1979-06-27,-2.17469666654114
1979-07-04,4.18804891150602
1979-07-11,10.0964363782631
1979-07-18,2.68879327135632
1979-07-25,1.73559110653326
1979-08-01,1.68646206010037
1979-08-08,-2.51238565280406
1979-08-15,-0.0333929516020208
1979-08-22,0.128720851500662
1979-08-29,-5.84401515542104
1979-09-05,-7.65717041036687
1979-09-12,-5.18724524193258
1979-09-19,-0.430173562986417
1979-09-26,-17.8098532229806
1979-10-03,2.5648985805472
1979-10-10,-2.6576840155202
1979-10-17,-0.426955497536357
1979-10-24,3.13368107207978
1979-10-31,12.9425224920237
1979-11-07,-6.57131241560805
1979-11-14,-8.89762471148357
1979-11-21,-1.56708589057581
1979-11-28,11.682857649272
1979-12-05,10.2536850196728
1979-12-12,3.34791843738122
1979-12-19,7.13508063422309
1979-12-26,3.25239845891917
1980-01-02,-12.4441150962772
1980-01-09,5.71481975716011
1980-01-16,7.98414349184109
1980-01-23,-1.5846748541601
1980-01-30,-20.8656182014671
1980-02-06,-8.69536389284417
1980-02-13,3.68266571445084
1980-02-20,4.91691105844564
1980-02-27,-6.12099428073767
1980-03-05,-11.0171778503165
1980-03-12,-3.75887068280522
1980-03-19,7.17909261205775
1980-03-26,-0.253843417697482
1980-04-02,3.43842414869412
1980-04-09,3.26469605945406
1980-04-16,-11.0739867437453
1980-04-23,-3.2158709829825
1980-04-30,6.83315646055515
1980-05-07,-5.28677773934824
1980-05-14,3.8132893110541
1980-05-21,-9.77700292516638
1980-05-28,-13.9439627495014
1980-06-04,-1.27363045628602
1980-06-11,0.282835697782214
1980-06-18,-1.38949186800266
1980-06-25,-16.1732813243458
1980-07-02,-2.56712522486969
1980-07-09,-2.21094298695104
1980-07-16,-4.70147861509673
1980-07-23,1.46291469155385
1980-07-30,-5.58109126963066
1980-08-06,-4.43866431773985
1980-08-13,-2.59903024182474
1980-08-20,-1.57801532416282
1980-08-27,-8.01854311546184
1980-09-03,4.93331888961002
1980-09-10,1.81291810556309
1980-09-17,-6.19489449447726
1980-09-24,-2.68235953142102
1980-10-01,5.99483907895717
1980-10-08,-4.75249397009303
1980-10-15,-6.34915273757208
1980-10-22,-3.49706966487024
1980-10-29,1.81627884753578
1980-11-05,-0.397171230066062
1980-11-12,8.48396222184987
1980-11-19,5.92972074130883
1980-11-26,-3.66209378976341
1980-12-03,-4.17636805732468
1980-12-10,1.9583504981547
1980-12-17,1.13295962621296
1980-12-24,4.74658307904124
1980-12-31,-2.5144918037662
1981-01-07,-0.362607900383884
1981-01-14,-1.53269988718815
1981-01-21,-8.40965076917776
1981-01-28,-6.25887177324525
1981-02-04,-4.6610254670769
1981-02-11,3.82661086951889
1981-02-18,-2.72387766920344
1981-02-25,3.64535142676101
1981-03-04,-1.5494260768219
1981-03-11,-3.11221932568494
1981-03-18,0.340400200524889
1981-03-25,-12.4384276617141
1981-04-01,-14.7042635860813
1981-04-08,2.25607223160893
1981-04-15,1.04127927319293
1981-04-22,1.50899113730778
1981-04-29,-1.56467766117586
1981-05-06,2.2176963986459
1981-05-13,-9.48778623281543
1981-05-20,-20.4166038451287
1981-05-27,-12.6247782599232
1981-06-03,-5.09426249183858
1981-06-10,-10.5965153396006
1981-06-17,-4.28857534867966
1981-06-24,-12.052954380096
1981-07-01,-3.31594284931654
1981-07-08,-1.17060028929149
1981-07-15,-0.488260686438695
1981-07-22,-13.057638154382
1981-07-29,-6.23835614601278
1981-08-05,-4.01604675545702
1981-08-12,-5.77879846387274
1981-08-19,-2.38190648912808
1981-08-26,-4.51271359619394
1981-09-02,0.182449018058488
1981-09-09,4.29792472149604
1981-09-16,13.4211785694909
1981-09-23,-4.84939765324669
1981-09-30,-4.37491389104134
1981-10-07,10.4784640963115
1981-10-14,4.25828780917319
1981-10-21,3.40029668288036
1981-10-28,-1.09300221771598
1981-11-04,2.33788597470237
1981-11-11,-16.5878282034948
1981-11-18,-7.99605435515536
1981-11-25,-1.23305801381071
1981-12-02,13.7096677549795
1981-12-09,-2.00040066589398
1981-12-16,8.42513487600638
1981-12-23,2.63740168664273
1981-12-30,1.26276844095739
1982-01-06,1.03962561513244
1982-01-13,0.0976684701944553
1982-01-20,-6.28800893537418
1982-01-27,6.69795846563937
1982-02-03,16.8238975872411
1982-02-10,-1.38886523355362
1982-02-17,-5.49164338516645
1982-02-24,2.6498167613196
1982-03-03,-7.96058364668084
1982-03-10,-4.98879347512276
1982-03-17,0.779009353395488
1982-03-24,-10.5757288776377
1982-03-31,6.32726889258759
1982-04-07,11.0267039072619
1982-04-14,5.2409937707541
1982-04-21,6.22653423867738
1982-04-28,-3.81818879196464
1982-05-05,-2.82556524690497
1982-05-12,5.54299875034016
1982-05-19,1.08428737687476
1982-05-26,-10.4281143425297
1982-06-02,4.24934453625646
1982-06-09,3.78910442797212
1982-06-16,-1.84020346252568
1982-06-23,7.97973461848773
1982-06-30,8.46846713848653
1982-07-07,8.50275531186985
1982-07-14,7.2213904744761
1982-07-21,0.488096620231931
1982-07-28,8.1392847491594
1982-08-04,7.8458347654902
1982-08-11,3.55546675919664
1982-08-18,10.7703652460218
1982-08-25,7.69487579903822
1982-09-01,9.63438494664542
1982-09-08,-2.75250200280821
1982-09-15,-1.72674586188801
1982-09-22,4.07113622398192
1982-09-29,3.0614784209131
1982-10-06,5.11765575948627
1982-10-13,0.94427941205832
1982-10-20,9.45323252549576
1982-10-27,2.99225778467825
1982-11-03,12.9372580339367
1982-11-10,16.2911179336537
1982-11-17,3.17132519339594
1982-11-24,14.1703066855484
1982-12-01,-0.567267068951103
1982-12-08,5.05706953966181
1982-12-15,6.87048746744791
1982-12-22,-3.57020909774707
1982-12-29,-17.588007180982
1983-01-05,6.08520135083143
1983-01-12,-7.93597256994149
1983-01-19,13.4438408724599
1983-01-26,1.15397208288179
1983-02-02,4.26909574952267
1983-02-09,-3.99505430686219
1983-02-16,3.67901084641902
1983-02-23,-0.0988636546006652
1983-03-02,-0.673324409627022
1983-03-09,1.50654570880307
1983-03-16,-14.8483162152326
1983-03-23,-8.51917869285301
1983-03-30,-4.33975212191358
1983-04-06,-15.6565459074797
1983-04-13,-8.08957419797437
1983-04-20,-6.88320261045319
1983-04-27,-18.9620422449398
1983-05-04,-3.10642737548397
1983-05-11,3.44664202116574
1983-05-18,4.99040354572276
1983-05-25,-4.13432846203894
1983-06-01,1.47163064779255
1983-06-08,2.91359755816832
1983-06-15,3.37561233552099
1983-06-22,-0.492700215847106
1983-06-29,3.67825935053117
1983-07-06,-0.32498210541045
1983-07-13,7.31086172784419
1983-07-20,1.33168151781754
1983-07-27,-6.12348866906965
1983-08-03,2.10056578884295
1983-08-10,5.32561288047775
1983-08-17,-7.9685709287908
1983-08-24,-7.70258615097563
1983-08-31,-1.68905074525653
1983-09-07,-9.13935314886648
1983-09-14,1.36790965825957
1983-09-21,-16.0983674364636
1983-09-28,3.45217472284395
1983-10-05,5.08936874463362
1983-10-12,-4.30319118249655
1983-10-19,-0.055463656365585
1983-10-26,-1.77189035514373
1983-11-02,-4.92592285345801
1983-11-09,-0.921696917610883
1983-11-16,-13.0188322405555
1983-11-23,-0.574734171149324
1983-11-30,-8.13053699227511
1983-12-07,0.962077607970311
1983-12-14,7.44770902603391
1983-12-21,10.7235251337845
1983-12-28,-10.0386343072084
1984-01-04,-4.48281253317129
1984-01-11,-19.9173021757496
1984-01-18,-0.269942990889457
1984-01-25,-12.5434957194937
1984-02-01,3.5939337473067
1984-02-08,7.26256556066666
1984-02-15,-4.64373143092774
1984-02-22,-2.49039084708962
1984-02-29,4.43589796527436
1984-03-07,2.74736221503025
1984-03-14,-2.87325393596023
1984-03-21,-4.92732401476125
1984-03-28,3.44845443913966
1984-04-04,3.35184257655338
1984-04-11,5.29934479136526
1984-04-18,-17.8140030800687
1984-04-25,-0.124418255841294
1984-05-02,1.65537632964066
1984-05-09,-0.939048248775423
1984-05-16,5.19432573860074
1984-05-23,3.48311579790064
1984-05-30,3.91896811851008
1984-06-06,7.90745646948648
1984-06-13,-1.11472801329597
1984-06-20,1.48522420373762
1984-06-27,1.38495439643939
1984-07-04,-7.28515774481374
1984-07-11,-8.16630965154528
1984-07-18,-11.5711737938796
1984-07-25,-13.3785830006096
1984-08-01,1.98024051895299
1984-08-08,-7.50400448437803
1984-08-15,-1.32313931177533
1984-08-22,-9.38896180831457
1984-08-29,-3.0168562789717
1984-09-05,-7.77034455819983
1984-09-12,-11.2239438890835
1984-09-19,-8.8387607492851
1984-09-26,-0.175378338462979
1984-10-03,-12.3650213374526
1984-10-10,2.61098312683316
1984-10-17,-0.141002617645792
1984-10-24,2.04069686952832
1984-10-31,-0.208635383642815
1984-11-07,-0.117407497724551
1984-11-14,11.4320095038562
1984-11-21,2.78526306678872
1984-11-28,-0.249283996855825
1984-12-05,-1.44053725195885
1984-12-12,-4.37739889699069
1984-12-19,4.26690618121435
1984-12-26,6.39014441606667
1985-01-02,2.50618642223877
1985-01-09,11.3512160623049
1985-01-16,1.97598449622787
1985-01-23,4.72381685571558
1985-01-30,0.978602568505965
1985-02-06,-1.84415743125562
1985-02-13,1.75884032634474
1985-02-20,0.286546697939067
1985-02-27,1.37001678171941
1985-03-06,6.85103800202994
1985-03-13,-12.1863497589933
1985-03-20,7.83089300461758
1985-03-27,12.1665073713676
1985-04-03,2.59437413291326
1985-04-10,15.6198816187083
1985-04-17,-7.9463263106304
1985-04-24,5.76757233527181
1985-05-01,17.0504214945798
1985-05-08,5.28551892262077
1985-05-15,-2.99886669232942
1985-05-22,4.53798874251215
1985-05-29,-14.8644285944694
1985-06-05,-2.90691748040557
1985-06-12,6.56915880286176
1985-06-19,3.94271254029415
1985-06-26,2.81796765640079
1985-07-03,4.94888816291172
1985-07-10,2.85540027236675
1985-07-17,-0.0660383778658351
1985-07-24,7.07050976960556
1985-07-31,4.06088795158433
1985-08-07,-4.80687822245828
1985-08-14,5.44393594029692
1985-08-21,-6.26377749972874
1985-08-28,-0.198778584482264
1985-09-04,7.93570811743568
1985-09-11,5.73401008168939
1985-09-18,0.823793161417228
1985-09-25,1.86501091640517
1985-10-02,7.71929970235146
1985-10-09,1.71813070008967
1985-10-16,-9.32316723356912
1985-10-23,-0.122909991867877
1985-10-30,0.195035108588663
1985-11-06,-6.46544401538709
1985-11-13,7.53932997319844
1985-11-20,3.23137514207838
1985-11-27,-3.17032253194299
1985-12-04,-4.66702744488554
1985-12-11,6.90026177510958
1985-12-18,5.6745990971683
1985-12-25,5.08468015945887
1986-01-01,-7.09463579481927
1986-01-08,2.0168268165562
1986-01-15,-9.18876752043856
1986-01-22,12.5200177284172
1986-01-29,13.1904974311528
1986-02-05,5.69689398187042
1986-02-12,7.931151207502
1986-02-19,-3.77076285015393
1986-02-26,5.65494442367817
1986-03-05,13.8296309071627
1986-03-12,8.47652568724996
1986-03-19,4.36669743751658
1986-03-26,13.0412042091006
1986-04-02,11.6223610761262
1986-04-09,11.390504581512
1986-04-16,2.72960108196925
1986-04-23,3.69235037990348
1986-04-30,6.32556981485357
1986-05-07,-7.0538095512592
1986-05-14,-3.00767885668989
1986-05-21,7.74029814382079
1986-05-28,12.7100361431465
1986-06-04,7.34133788293769
1986-06-11,5.35220038477844
1986-06-18,-5.58468176484355
1986-06-25,2.10681334311918
1986-07-02,-15.7774419827984
1986-07-09,-0.534165459126752
1986-07-16,2.22590250682634
1986-07-23,-8.65787862984372
1986-07-30,-0.135948287511058
1986-08-06,6.53254149958872
1986-08-13,-5.56845925793801
1986-08-20,2.84873081415254
1986-08-27,3.03213941259496
1986-09-03,1.25663712885233
1986-09-10,0.727743157491424
1986-09-17,-3.23587865730743
1986-09-24,4.28238617480418
1986-10-01,-5.0836686986656
1986-10-08,-4.93733622812254
1986-10-15,-2.89345370095874
1986-10-22,-7.88911726841686
1986-10-29,3.19013637598009
1986-11-05,3.30489294500989
1986-11-12,-0.619052285141078
1986-11-19,4.50321360891486
1986-11-26,3.60836669627019
1986-12-03,-4.45706634310872
1986-12-10,6.12736566200018
1986-12-17,2.23322958567786
1986-12-24,15.1843601108338
1986-12-31,-4.15349179117164
1987-01-07,3.13720165539643
1987-01-14,-5.41181154955329
1987-01-21,-5.23703164889782
1987-01-28,-2.34818957942859
1987-02-04,7.51024380743791
1987-02-11,-5.38561086345328
1987-02-18,-3.39846369583414
1987-02-25,-4.74145829468616
1987-03-04,-1.81290283308431
1987-03-11,5.75030368360014
1987-03-18,-1.76328227812249
1987-03-25,0.200334506564673
1987-04-01,7.85240215536989
1987-04-08,0.81259546081435
1987-04-15,3.62931165960941
1987-04-22,3.92700617230127
1987-04-29,-11.9701854785199
1987-05-06,4.16717236823295
1987-05-13,-4.76467510135927
1987-05-20,5.21647495707087
1987-05-27,-0.0582550016534437
1987-06-03,7.78507066517097
1987-06-10,-2.99029333826753
1987-06-17,-0.219036202861819
1987-06-24,-1.62057404291063
1987-07-01,5.15129456872197
1987-07-08,6.84428894643211
1987-07-15,5.22804037479798
1987-07-22,7.24521877533654
1987-07-29,-2.64992739438517
1987-08-05,8.88327083758768
1987-08-12,2.28777306545513
1987-08-19,0.452300688412537
1987-08-26,0.912349570348722
1987-09-02,-1.9817568661181
1987-09-09,0.717829278981465
1987-09-16,8.89933774433439
1987-09-23,10.9658563644167
1987-09-30,-5.18919977486915
1987-10-07,2.09719387236095
1987-10-14,-6.336728185913
1987-10-21,1.53890054727768
1987-10-28,11.5256010799263
1987-11-04,1.51399710518973
1987-11-11,-5.07993899780442
1987-11-18,0.426358383947445
1987-11-25,-0.33267734335405
1987-12-02,-4.85044291241568
1987-12-09,5.05885286930103
1987-12-16,2.44332529019289
1987-12-23,-2.47312210641127
1987-12-30,0.656196964914175
1988-01-06,10.7429273022217
1988-01-13,2.29352532143919
1988-01-20,0.296657265293906
1988-01-27,1.48427644233361
1988-02-03,-9.50792662763365
1988-02-10,7.36648403770599
1988-02-17,11.6505626433631
1988-02-24,16.0442290412055
1988-03-02,7.13648112217859
1988-03-09,3.02095807103801
1988-03-16,9.30452458376608
1988-03-23,5.92196391918041
1988-03-30,-15.6212907310096
1988-04-06,1.67848555953414
1988-04-13,2.74026681028766
1988-04-20,5.42979620662736
1988-04-27,3.19843361614031
1988-05-04,-0.250221190006857
1988-05-11,-1.88237384991251
1988-05-18,-11.0692470570721
1988-05-25,3.64811550187476
1988-06-01,0.220122934111361
1988-06-08,1.53856607177819
1988-06-15,-0.85237129058733
1988-06-22,7.34179242215048
1988-06-29,3.18419606094939
1988-07-06,-6.74520440901288
1988-07-13,7.57616360482057
1988-07-20,0.752649661341228
1988-07-27,4.72006657549725
1988-08-03,1.40640680485548
1988-08-10,3.07634275922124
1988-08-17,4.27512639205648
1988-08-24,-6.90820550280163
1988-08-31,4.58234527408871
1988-09-07,-6.92597213545037
1988-09-14,-4.80296298462083
1988-09-21,-1.17033626590621
1988-09-28,-1.17125381564501
1988-10-05,2.13489346290309
1988-10-12,1.01026878909788
1988-10-19,0.59664772407526
1988-10-26,1.75315711664447
1988-11-02,10.1137913179365
1988-11-09,11.3403346617852
1988-11-16,-4.23262618586801
1988-11-23,-2.1627657340756
1988-11-30,2.51211425381089
1988-12-07,-10.1114932732223
1988-12-14,16.1176765562996
1988-12-21,-0.0721408130548298
1988-12-28,0.297222393870442
1989-01-04,4.89106006029971
1989-01-11,13.7909344459255
1989-01-18,5.43435887349237
1989-01-25,14.005725670519
1989-02-01,5.34537754361592
1989-02-08,8.0228512681707
1989-02-15,10.2482201633493
1989-02-22,7.92857752313608
1989-03-01,10.4154444055445
1989-03-08,-9.35876052414162
1989-03-15,-12.8963314807986
1989-03-22,-8.46344896212246
1989-03-29,-2.81401380427931
1989-04-05,-8.37460820219924
1989-04-12,-9.66540679447235
1989-04-19,7.15259246772349
1989-04-26,-0.128820076325163
1989-05-03,5.80286530563651
1989-05-10,-5.25293103091932
1989-05-17,-5.95965622136622
1989-05-24,-8.78960426559313
1989-05-31,-7.12682536956293
1989-06-07,-8.66077715687459
1989-06-14,-7.12755721140269
1989-06-21,4.88734481843114
1989-06-28,4.61828523455528
1989-07-05,-1.07617267900866
1989-07-12,-0.991983944700049
1989-07-19,-3.29889426905999
1989-07-26,1.85333571766392
1989-08-02,0.545873933927693
1989-08-09,4.69512291665403
1989-08-16,-1.93337412821662
1989-08-23,-1.67743249686527
1989-08-30,5.68982093553036
1989-09-06,11.8300118914302
1989-09-13,3.89726049977389
1989-09-20,5.44557625222322
1989-09-27,9.30767168370175
1989-10-04,0.647472352632742
1989-10-11,2.68783704337784
1989-10-18,1.78977192522658
1989-10-25,-2.68441637722354
1989-11-01,10.6291356883763
1989-11-08,5.18296250948172
1989-11-15,-5.33477466549028
1989-11-22,2.96928560192458
1989-11-29,0.347601701145432
1989-12-06,16.1724303793792
1989-12-13,-3.41490714610899
1989-12-20,9.55695822526867
1989-12-27,6.00107613952511
1990-01-03,3.57653045496339
1990-01-10,-10.5857432921563
1990-01-17,-2.86557386199551
1990-01-24,17.376480195208
1990-01-31,-5.99518724313845
1990-02-07,7.35698023520313
1990-02-14,-2.32022862299464
1990-02-21,-0.428297076807752
1990-02-28,-6.85537380905626
1990-03-07,2.83783874459065
1990-03-14,9.97206377140428
1990-03-21,9.31546928338484
1990-03-28,5.05213720843065
1990-04-04,-4.03868062552531
1990-04-11,-18.4600511591943
1990-04-18,-18.8188128199233
1990-04-25,6.29754977433139
1990-05-02,5.17412259971444
1990-05-09,6.07157092382038
1990-05-16,-5.621309409705
1990-05-23,-9.68632857388289
1990-05-30,4.28693698961158
1990-06-06,7.59643984176604
1990-06-13,4.19828816973974
1990-06-20,8.69419196361175
1990-06-27,-5.91210886795328
1990-07-04,-5.99776072952976
1990-07-11,-0.809753942917431
1990-07-18,-2.46561918291576
1990-07-25,2.69754355820892
1990-08-01,-7.65621972778405
1990-08-08,-2.36629030426425
1990-08-15,2.83586075797914
1990-08-22,-2.72467626357095
1990-08-29,-4.2629991961809
1990-09-05,6.46813098704757
1990-09-12,-0.442499375853397
1990-09-19,8.01698510516834
1990-09-26,5.23401882311161
1990-10-03,3.84508923306146
1990-10-10,-0.0131762592113002
1990-10-17,-8.70741463207721
1990-10-24,11.5010149595736
1990-10-31,5.64684085042991
1990-11-07,6.22765560584533
1990-11-14,10.963295398341
1990-11-21,8.63853360657202
1990-11-28,7.46858905873849
1990-12-05,-3.89420275217586
1990-12-12,7.84499739652835
1990-12-19,1.94800107441251
1990-12-26,6.99371586885841
1991-01-02,-2.58555954169042
1991-01-09,14.6263756256419
1991-01-16,-15.1209680329528
1991-01-23,-16.8908963226466
1991-01-30,11.0919998579637
1991-02-06,-2.47544334996067
1991-02-13,10.6505224213426
1991-02-20,12.0832927490613
1991-02-27,9.8336356384825
1991-03-06,11.6485773406414
1991-03-13,10.4830949276542
1991-03-20,5.70009887910603
1991-03-27,-7.56731782782014
1991-04-03,3.63829510401166
1991-04-10,8.18737381008357
1991-04-17,-2.57356361241148
1991-04-24,1.72798621660397
1991-05-01,2.34324736902953
1991-05-08,0.861185005093794
1991-05-15,7.42789453523289
1991-05-22,-3.44226536718836
1991-05-29,0.065364142734487
1991-06-05,-11.8096314376926
1991-06-12,-1.52593639260575
1991-06-19,-4.89089007433568
1991-06-26,4.3938247159401
1991-07-03,-0.321984770612273
1991-07-10,-4.62767833607044
1991-07-17,5.39367585165735
1991-07-24,0.604557577571508
1991-07-31,5.12163413543385
1991-08-07,-2.5573226891854
1991-08-14,4.53628583740909
1991-08-21,-0.0412061176602866
1991-08-28,-1.2926839819277
1991-09-04,9.206438466053
1991-09-11,1.13893101694174
1991-09-18,0.699095115898558
1991-09-25,3.75170966043729
1991-10-02,9.55187137990758
1991-10-09,8.47663885554912
1991-10-16,4.91911746249518
1991-10-23,6.71943900909318
1991-10-30,-0.9880114321712
1991-11-06,-4.08128464871887
1991-11-13,-1.54324155903586
1991-11-20,1.51762927406158
1991-11-27,1.37412193672176
1991-12-04,5.16692527418223
1991-12-11,-10.3256424897946
1991-12-18,2.23850426209886
1991-12-25,0.0254273266525778
1992-01-01,-11.699126989287
1992-01-08,3.42258892283101
1992-01-15,14.0988507715071
1992-01-22,-10.9635203148925
1992-01-29,-8.91508990143643
1992-02-05,-20.5791531828044
1992-02-12,-7.82446717551201
1992-02-19,5.35168178708411
1992-02-26,-5.37289358454517
1992-03-04,8.88403378335914
1992-03-11,9.16027200829169
1992-03-18,0.821606216459904
1992-03-25,2.96760401650081
1992-04-01,1.29067240935365
1992-04-08,-6.00932405609723
1992-04-15,-6.10651406370563
1992-04-22,-3.8895163593595
1992-04-29,-11.6526617280937
1992-05-06,-5.76611262138138
1992-05-13,-11.4355160156465
1992-05-20,1.00934740715767
1992-05-27,-2.83927132419808
1992-06-03,-6.07104035874706
1992-06-10,-3.38524558552386
1992-06-17,2.01858281569287
1992-06-24,1.53358441307431
1992-07-01,2.01837426416622
1992-07-08,-1.78929838518836
1992-07-15,3.4057076111261
1992-07-22,1.0116639231385
1992-07-29,4.05945266765755
1992-08-05,-5.08182463399125
1992-08-12,-2.78062360880702
1992-08-19,-0.574255393207937
1992-08-26,-9.6895866488818
1992-09-02,-5.10420172133883
1992-09-09,0.206242335854605
1992-09-16,-2.75285257006448
1992-09-23,-11.1500653100392
1992-09-30,-6.64183404736884
1992-10-07,-7.01712214152018
1992-10-14,-3.26793451671192
1992-10-21,6.68909070085376
1992-10-28,-4.9912715077318
1992-11-04,2.20671151781839
1992-11-11,0.279774529330065
1992-11-18,-14.2814984876423
1992-11-25,0.63073590728149
1992-12-02,-11.4404910090876
1992-12-09,-3.16449627504421
1992-12-16,-22.7691499566604
1992-12-23,-7.05501091682639
1992-12-30,4.15129409800569
1993-01-06,-4.00023087474542
1993-01-13,-8.31742743734988
1993-01-20,-6.96753289990791
1993-01-27,-3.58408910884292
1993-02-03,8.0681361106941
1993-02-10,2.20024662741799
1993-02-17,-8.18973911251176
1993-02-24,-5.63418328421456
1993-03-03,1.93905193468387
1993-03-10,-0.389984338838039
1993-03-17,1.27285020374117
1993-03-24,-4.63522057104363
1993-03-31,1.51368169175674
1993-04-07,4.54752852128716
1993-04-14,-1.40056293575012
1993-04-21,6.56375493017664
1993-04-28,9.60676247679157
1993-05-05,-11.8263107719623
1993-05-12,-3.37208025143471
1993-05-19,0.690208101894906
1993-05-26,1.18469618593785
1993-06-02,-4.95305261950526
1993-06-09,-6.36079975652069
1993-06-16,2.4362566582658
1993-06-23,5.93378229082
1993-06-30,-9.7362781753698
1993-07-07,-14.6279594921589
1993-07-14,-1.16121281057164
1993-07-21,-9.19796643780379
1993-07-28,3.75693565616121
1993-08-04,-2.63390989441803
1993-08-11,-5.56250044070416
1993-08-18,5.24077888999502
1993-08-25,2.69438356987931
1993-09-01,-3.3305827870708
1993-09-08,-2.70400932896458
1993-09-15,-6.02163482150018
1993-09-22,0.428390494505237
1993-09-29,-6.47017213440994
1993-10-06,-0.464202170046223
1993-10-13,-5.09862556589152
1993-10-20,-5.57887836085097
1993-10-27,0.636480007869279
1993-11-03,-1.33855077876479
1993-11-10,-12.8007393467747
1993-11-17,-6.4566892893747
1993-11-24,4.6843704934446
1993-12-01,-2.34766327915231
1993-12-08,-8.81885032311566
1993-12-15,-4.15800485762338
1993-12-22,-5.86516098169888
1993-12-29,4.1734680339005
1994-01-05,-4.12103646635762
1994-01-12,-6.91208290115894
1994-01-19,0.905792863949813
1994-01-26,17.8684946717025
1994-02-02,-5.16369718047484
1994-02-09,-10.2217992341625
1994-02-16,-13.5867988818098
1994-02-23,-8.27538720835811
1994-03-02,-5.34373660038224
1994-03-09,-6.26645345220573
1994-03-16,4.14580936896107
1994-03-23,8.52013666708003
1994-03-30,6.17855079556689
1994-04-06,-3.12360995661014
1994-04-13,-0.580400638210295
1994-04-20,4.52452698345958
1994-04-27,1.33884593768514
1994-05-04,5.59546132351776
1994-05-11,0.64837304601383
1994-05-18,-4.3192300786417
1994-05-25,4.07840228476012
1994-06-01,-7.99516336921204
1994-06-08,-1.50844926064059
1994-06-15,-3.81321190938693
1994-06-22,-0.476777306155887
1994-06-29,-1.30934360996454
1994-07-06,8.65709688280104
1994-07-13,-0.067232899899482
1994-07-20,1.6173158523212
1994-07-27,-1.44652086656779
1994-08-03,-2.55945008029767
1994-08-10,-6.37797395220454
1994-08-17,0.257936784890376
1994-08-24,0.0750639373800287
1994-08-31,4.66082127467775
1994-09-07,-2.91248009617861
1994-09-14,8.65494092279174
1994-09-21,21.5961549731268
1994-09-28,15.5443019627373
1994-10-05,-0.285200812193011
1994-10-12,5.97595126387002
1994-10-19,5.91058384254934
1994-10-26,-14.3740017355846
1994-11-02,-7.35479563100327
1994-11-09,0.693922414838901
1994-11-16,-14.6017514309775
1994-11-23,-12.7576545241457
1994-11-30,-3.80007616231324
1994-12-07,-0.210128386650845
1994-12-14,10.7625495062934
1994-12-21,-8.46560152579046
1994-12-28,10.8879047959817
1995-01-04,-14.1806058458495
1995-01-11,-8.79371528493856
1995-01-18,-16.2730060111415
1995-01-25,-4.94173485523589
1995-02-01,0.666122545514794
1995-02-08,-1.56965765943191
1995-02-15,0.273727820839367
1995-02-22,12.2052898983531
1995-03-01,-1.05806422947686
1995-03-08,7.43658724061532
1995-03-15,6.87215868382192
1995-03-22,7.89058117471254
1995-03-29,1.80985762661727
1995-04-05,-1.49646644175158
1995-04-12,-3.64610653347439
1995-04-19,4.53514728795074
1995-04-26,1.57633737015766
1995-05-03,-11.3249907763715
1995-05-10,-12.0167249035709
1995-05-17,-2.57767181342661
1995-05-24,0.710617907219679
1995-05-31,9.27107836346348
1995-06-07,-8.57890375057034
1995-06-14,-8.48754094020509
1995-06-21,1.53691655508479
1995-06-28,1.32534869755442
1995-07-05,-0.845236186573134
1995-07-12,-1.24525373365404
1995-07-19,-4.50673532479381
1995-07-26,2.60455738960093
1995-08-02,-2.86050695257405
1995-08-09,4.96688449298866
1995-08-16,11.970799150592
1995-08-23,12.6641056568891
1995-08-30,2.0964719510391
1995-09-06,-0.859480179812351
1995-09-13,0.420005928918852
1995-09-20,-5.0190271597389
1995-09-27,0.542052448133173
1995-10-04,-8.93987665801644
1995-10-11,1.7875825122441
1995-10-18,-0.944450559543701
1995-10-25,0.589662984949383
1995-11-01,-3.76989562072123
1995-11-08,-3.63910085179215
1995-11-15,-11.6060118723278
1995-11-22,-4.36544429813277
1995-11-29,-4.81122412777012
1995-12-06,4.46171580302132
1995-12-13,-1.33227232623051
1995-12-20,-5.34905746754817
1995-12-27,3.03883735546168
1996-01-03,-11.3930090299386
1996-01-10,13.4360322835118
1996-01-17,1.81277452183231
1996-01-24,-2.33223460785186
1996-01-31,5.08438349079477
1996-02-07,-6.2258133487425
1996-02-14,14.2534830265822
1996-02-21,10.4306859660758
1996-02-28,-6.59185126835323
1996-03-06,6.37413213083545
1996-03-13,-1.59816008594795
1996-03-20,7.78408240639553
1996-03-27,-0.770874724211516
1996-04-03,4.40083380805122
1996-04-10,-5.24351506524196
1996-04-17,4.21860954917087
1996-04-24,4.71917525895268
1996-05-01,-0.897134410716867
1996-05-08,0.355914861554611
1996-05-15,9.97181446485839
1996-05-22,8.11222558507633
1996-05-29,1.14752288839421
1996-06-05,-5.45410780449256
1996-06-12,4.58268281292964
1996-06-19,-0.763938015028892
1996-06-26,1.5803962065155
1996-07-03,-11.4561745579774
1996-07-10,-4.80534581460157
1996-07-17,-2.19494310198693
1996-07-24,-7.50634676483765
1996-07-31,-3.83136586359734
1996-08-07,-2.98743385067473
1996-08-14,3.57157115738831
1996-08-21,-4.86328517368862
1996-08-28,-9.81111216680028
1996-09-04,3.64040637124892
1996-09-11,2.08254964603401
1996-09-18,-2.08557215046273
1996-09-25,-4.45665569213277
1996-10-02,-10.7569692960519
1996-10-09,-6.54345633991839
1996-10-16,1.34695896388252
1996-10-23,9.3614861040135
1996-10-30,9.23409821409616
1996-11-06,0.641667016281429
1996-11-13,3.65293255391986
1996-11-20,4.85962846122831
1996-11-27,9.85115256668207
1996-12-04,-13.4080112928518
1996-12-11,1.73091205625883
1996-12-18,-1.26897261720266
1996-12-25,6.34150517360353
1997-01-01,5.76988756905102
1997-01-08,5.98174606123162
1997-01-15,-3.33407042919971
1997-01-22,1.86116000136644
1997-01-29,-18.7489149310821
1997-02-05,-6.45437644553069
1997-02-12,0.938626221840423
1997-02-19,11.3772827169499
1997-02-26,2.52862618540466
1997-03-05,2.29394767187315
1997-03-12,7.9360797963692
1997-03-19,9.72967951836976
1997-03-26,5.17499644445995
1997-04-02,-1.3947353313251
1997-04-09,10.0212496124752
1997-04-16,9.72299511621869
1997-04-23,3.47839769474413
1997-04-30,-5.32933542564433
1997-05-07,-11.5799358678747
1997-05-14,-13.2597256415904
1997-05-21,-3.63825712981048
1997-05-28,4.97998846306372
1997-06-04,2.17262346255853
1997-06-11,-6.33852898049469
1997-06-18,4.52347647994037
1997-06-25,6.30287618801624
1997-07-02,8.33679546042917
1997-07-09,-0.650514016371911
1997-07-16,3.10421969490762
1997-07-23,3.74670847701236
1997-07-30,7.6144798789541
1997-08-06,-2.55183897419911
1997-08-13,3.99479396917476
1997-08-20,2.39042845858303
1997-08-27,2.85732893644324
1997-09-03,-9.97033171512244
1997-09-10,5.29691706118376
1997-09-17,-3.77927557377259
1997-09-24,3.49184601851544
1997-10-01,-1.39616169899887
1997-10-08,1.01509171164061
1997-10-15,6.21932284642779
1997-10-22,10.9285322822481
1997-10-29,-5.31660989796894
1997-11-05,7.19627243157829
1997-11-12,-14.8225444406703
1997-11-19,3.4723396290739
1997-11-26,4.55196946106589
1997-12-03,-2.45143187781545
1997-12-10,-9.87387197111458
1997-12-17,-3.09058056785947
1997-12-24,13.9391215796303
1997-12-31,6.08893624062865
1998-01-07,-5.12886013349555
1998-01-14,3.75796822494602
1998-01-21,4.76357364062196
1998-01-28,4.61709875840002
1998-02-04,-11.2131347161313
1998-02-11,0.447136750362757
1998-02-18,3.61856969039633
1998-02-25,9.9935910711295
1998-03-04,3.5672263725286
1998-03-11,5.93086204871052
1998-03-18,7.07297383992532
1998-03-25,7.83876502627419
1998-04-01,1.24218218176032
1998-04-08,-3.85056047335293
1998-04-15,-12.0346715189078
1998-04-22,-24.7478637889075
1998-04-29,1.23516519751709
1998-05-06,-5.56296880220821
1998-05-13,-12.1565784730188
1998-05-20,4.43125440217411
1998-05-27,1.08977804355521
1998-06-03,2.44140582374612
1998-06-10,-5.33481540877379
1998-06-17,-7.08752585885605
1998-06-24,-3.78670001559788
1998-07-01,-8.4357835136503
1998-07-08,3.18586125080958
1998-07-15,-4.74238629969669
1998-07-22,-5.58839829881246
1998-07-29,-12.1509740504337
1998-08-05,-3.49852116428794
1998-08-12,2.81683817640349
1998-08-19,-1.60934898529159
1998-08-26,2.50925644426365
1998-09-02,12.2306248419362
1998-09-09,-4.81356572795523
1998-09-16,-2.83345365978422
1998-09-23,-14.2041576930455
1998-09-30,8.52331061563959
1998-10-07,-13.2830109005883
1998-10-14,-1.26286859874317
1998-10-21,-2.54939920703159
1998-10-28,-8.80711172931847
1998-11-04,-0.949175637865823
1998-11-11,-12.9375245051519
1998-11-18,6.46829576090833
1998-11-25,-5.52597701531431
1998-12-02,7.25503462955326
1998-12-09,2.62610913073301
1998-12-16,-1.31002207638231
1998-12-23,8.8535310743923
1998-12-30,-6.91990995124096
1999-01-06,-2.22987310700453
1999-01-13,9.73863025346734
1999-01-20,8.57833271908546
1999-01-27,-0.852032984594704
1999-02-03,-7.17498227231991
1999-02-10,-5.9370788410995
1999-02-17,3.02638145904857
1999-02-24,-3.8998902457101
1999-03-03,-6.49440126491466
1999-03-10,0.549342307754841
1999-03-17,-10.7122215416318
1999-03-24,-14.2968019677218
1999-03-31,-6.25083522951372
1999-04-07,-7.847019125856
1999-04-14,5.5685576106211
1999-04-21,6.86071593646229
1999-04-28,2.36851668531092
1999-05-05,8.07909326139581
1999-05-12,-12.1305187977517
1999-05-19,2.10418294862885
1999-05-26,-10.9437112712019
1999-06-02,0.0994141696192474
1999-06-09,-4.49555668643295
1999-06-16,4.9506120059143
1999-06-23,5.59420111309338
1999-06-30,-7.42336778660492
1999-07-07,-3.81065067267566
1999-07-14,2.76568148331942
1999-07-21,-1.07205563341856
1999-07-28,5.77933894934696
1999-08-04,5.37006216213734
1999-08-11,-1.29989144935371
1999-08-18,-0.244294357036543
1999-08-25,-1.9081813356809
1999-09-01,1.01832877686305
1999-09-08,-0.398067047877341
1999-09-15,-3.87915115567057
1999-09-22,1.76787348313526
1999-09-29,-2.35110131231483
1999-10-06,-2.50587590904051
1999-10-13,4.42044450537428
1999-10-20,-4.26945906192209
1999-10-27,-13.2523544580053
1999-11-03,-6.3619417515683
1999-11-10,-0.413382730951306
1999-11-17,-6.19168401419334
1999-11-24,-11.7846544069615
1999-12-01,4.56842389261419
1999-12-08,-6.1801922294664
1999-12-15,-8.59505988226997
1999-12-22,-6.72936122254555
1999-12-29,-7.35039683329475
2000-01-05,0.603891744672885
2000-01-12,-0.432107712434361
2000-01-19,0.820372733780228
2000-01-26,-11.3834812203796
2000-02-02,5.32567541202732
2000-02-09,-11.2776025149475
2000-02-16,-5.19298135561315
2000-02-23,-5.22104683369912
2000-03-01,6.79141735570964
2000-03-08,-20.2094350352791
2000-03-15,-2.12795885729448
2000-03-22,-6.99964823512593
2000-03-29,-1.94726057426009
2000-04-05,-5.65517175045384
2000-04-12,-11.04411431691
2000-04-19,-12.3281774374879
2000-04-26,3.62102844991801
2000-05-03,-0.518666298948688
2000-05-10,5.0814731061017
2000-05-17,4.40720839781315
2000-05-24,-7.05208915212587
2000-05-31,2.61703885337234
2000-06-07,-4.5241351610056
2000-06-14,-1.72961387818563
2000-06-21,1.74106667928649
2000-06-28,-3.22043750307492
2000-07-05,-5.60195945123708
2000-07-12,3.28872155873342
2000-07-19,-2.16893438756508
2000-07-26,0.284088838207388
2000-08-02,7.07210369544492
2000-08-09,-3.68555235984492
2000-08-16,-13.5085099556596
2000-08-23,-8.72969522996143
2000-08-30,-2.40910789747746
2000-09-06,-5.79063140942854
2000-09-13,0.445870956936899
2000-09-20,2.98753649314739
2000-09-27,-6.67143167110045
2000-10-04,6.77008285048586
2000-10-11,-11.606060312928
2000-10-18,-14.9316652686288
2000-10-25,-10.4424248194513
2000-11-01,-5.26087234791926
2000-11-08,-6.91398209966076
2000-11-15,-6.31703697715322
2000-11-22,-3.45443675302488
2000-11-29,6.45694238098019
2000-12-06,1.98927971554923
2000-12-13,-5.98796315216212
2000-12-20,-4.14654172919717
2000-12-27,-1.91702708158104
2001-01-03,5.56215718429281
2001-01-10,0.26223203607721
2001-01-17,-0.937550127070226
2001-01-24,-7.84970219140221
2001-01-31,-4.91414703937791
2001-02-07,-3.50615445776097
2001-02-14,-7.24301515398888
2001-02-21,4.87179103664401
2001-02-28,0.782904025881432
2001-03-07,4.53052898535981
2001-03-14,-3.28461066513465
2001-03-21,-9.63563395128469
2001-03-28,6.8291292070123
2001-04-04,4.52815199863763
2001-04-11,2.81416238344115
2001-04-18,6.20413058595472
2001-04-25,1.10889107517464
2001-05-02,7.45582864374501
2001-05-09,5.84051480732266
2001-05-16,6.1062537519936
2001-05-23,6.75658362171637
2001-05-30,5.25913487043221
2001-06-06,-8.4553778917564
2001-06-13,-5.55968849545434
2001-06-20,4.68985069280167
2001-06-27,7.83373982105032
2001-07-04,7.03723062866716
2001-07-11,2.57452332817167
2001-07-18,2.67872179240667
2001-07-25,0.150217648881977
2001-08-01,-0.0653872324731018
2001-08-08,7.19147913204217
2001-08-15,-2.14065579611157
2001-08-22,-0.839176739257653
2001-08-29,-1.3941030993307
2001-09-05,-6.9404807586354
2001-09-12,-0.578126928673031
2001-09-19,3.42881795700211
2001-09-26,-4.39451365921726
2001-10-03,-3.31393515387431
2001-10-10,-10.6297241737466
2001-10-17,-2.12650405536281
2001-10-24,-9.92609000248774
2001-10-31,8.26180066410799
2001-11-07,-12.2492893569135
2001-11-14,-4.405395358805
2001-11-21,-4.4143004349629
2001-11-28,-0.304022553248436
2001-12-05,-9.22484649384408
2001-12-12,-8.37821698606714
2001-12-19,6.4892313881526
2001-12-26,-1.72521241677062
2002-01-02,0.927320862342932
2002-01-09,-0.803537195809879
2002-01-16,7.53561129046769
2002-01-23,-7.28585755563424
2002-01-30,3.3644053067562
2002-02-06,-8.76062597586748
2002-02-13,8.15653019412129
2002-02-20,-9.31066767690591
2002-02-27,-1.87734027491347
2002-03-06,10.8891574604253
2002-03-13,8.60570588569299
2002-03-20,10.8008215886407
2002-03-27,-2.30446903127842
2002-04-03,3.77993771992033
2002-04-10,6.72903243561059
2002-04-17,-2.60957215055166
2002-04-24,5.02050100551921
2002-05-01,17.2408420025861
2002-05-08,4.37089102393526
2002-05-15,-4.21259018078894
2002-05-22,5.06321825407589
2002-05-29,8.45254651771899
2002-06-05,-13.6395453974985
2002-06-12,-3.69516699602063
2002-06-19,0.461259864822917
2002-06-26,1.37689591296547
2002-07-03,4.7776417765805
2002-07-10,7.32920148861334
2002-07-17,-5.41684048154422
2002-07-24,4.66131080274667
2002-07-31,3.67946700470623
2002-08-07,3.52530384735044
2002-08-14,8.81450004077436
2002-08-21,4.73567437065971
2002-08-28,4.89440277131201
2002-09-04,4.69362081681719
2002-09-11,3.36424011641161
2002-09-18,-1.35440546829508
2002-09-25,5.88260565653104
2002-10-02,6.15719630976558
2002-10-09,6.5326147301926
2002-10-16,7.00241124407845
2002-10-23,2.91525609060515
2002-10-30,6.37197973226333
2002-11-06,11.4013255633347
2002-11-13,6.54270238356396
2002-11-20,-2.3450618483265
2002-11-27,-4.13521966348441
2002-12-04,9.15209128496317
2002-12-11,3.16817324409984
2002-12-18,6.24992367340993
2002-12-25,-2.93034369269267
2003-01-01,-11.1675644989751
2003-01-08,9.29672205407015
2003-01-15,2.5227944273386
2003-01-22,8.22020008305668
2003-01-29,1.35104425771226
2003-02-05,5.31823431874573
2003-02-12,-4.24406360233957
2003-02-19,-22.2113741172438
2003-02-26,8.77788853194485
2003-03-05,-0.50543982095765
2003-03-12,3.80943734515857
2003-03-19,-1.99685193120551
2003-03-26,8.34300501263332
2003-04-02,4.23411434005387
2003-04-09,-3.77147112165179
2003-04-16,4.61870296417721
2003-04-23,12.9984065448418
2003-04-30,4.71456115561188
2003-05-07,3.66567425117291
2003-05-14,-4.70822713162324
2003-05-21,11.3979565300513
2003-05-28,8.76407599232184
2003-06-04,5.02437749669172
2003-06-11,8.57235114161437
2003-06-18,6.37094465931009
2003-06-25,-9.32990979075514
2003-07-02,1.42415229423528
2003-07-09,1.60936597688515
2003-07-16,12.1385292274364
2003-07-23,1.04681121952538
2003-07-30,7.68442439993469
2003-08-06,-0.331640963557675
2003-08-13,-7.67127709609216
2003-08-20,-3.85829372682433
2003-08-27,-3.52898087800989
2003-09-03,9.58254878094806
2003-09-10,4.46341723750755
2003-09-17,3.08249323958772
2003-09-24,9.19259975425452
2003-10-01,-4.95512212012207
2003-10-08,-3.4435507453829
2003-10-15,11.0866488381038
2003-10-22,-0.17703061205836
2003-10-29,-3.68574487963901
2003-11-05,7.87467746668803
2003-11-12,18.0701607682443
2003-11-19,-7.30830345864622
2003-11-26,7.83597783838328
2003-12-03,-6.22490047668078
2003-12-10,-0.9756104315948
2003-12-17,-0.445445651099793
2003-12-24,1.42382912435063
2003-12-31,13.8436903464539
2004-01-07,-3.13204449745109
2004-01-14,-2.41656560693797
2004-01-21,4.45797586908333
2004-01-28,0.124691459176623
2004-02-04,1.04247441472804
2004-02-11,0.21553935859844
2004-02-18,10.0890040669464
2004-02-25,2.45034284308666
2004-03-03,2.94540597737069
2004-03-10,1.91132551921163
2004-03-17,6.03109619867234
2004-03-24,11.2889761384833
2004-03-31,1.44462518385899
2004-04-07,5.40802731899147
2004-04-14,6.56344550454006
2004-04-21,9.63777907006535
2004-04-28,0.153072562512055
2004-05-05,1.1685686448516
2004-05-12,5.69849833278218
2004-05-19,-6.0341346318213
2004-05-26,-3.08801213770736
2004-06-02,-4.0664419647046
2004-06-09,6.51119123449648
2004-06-16,1.64977182792416
2004-06-23,0.940059417556114
2004-06-30,6.22906240564613
2004-07-07,-2.20934858934233
2004-07-14,6.93984208037888
2004-07-21,-1.76294359321674
2004-07-28,0.418703210065904
2004-08-04,4.45820683386508
2004-08-11,-1.35411278123769
2004-08-18,6.87219843209572
2004-08-25,6.77440698122138
2004-09-01,-0.93556003452088
2004-09-08,-5.51306631642428
2004-09-15,5.6763093594274
2004-09-22,7.99206421024804
2004-09-29,-2.72349811446017
2004-10-06,9.80701217282797
2004-10-13,7.4710800944895
2004-10-20,1.12046219303823
2004-10-27,3.28851911493464
2004-11-03,-10.1277978374515
2004-11-10,0.425220358396416
2004-11-17,2.6274434107431
2004-11-24,12.186648097805
2004-12-01,3.32154954656229
2004-12-08,-7.95738310093218
2004-12-15,11.5744638109964
2004-12-22,6.1849574313483
2004-12-29,2.81509493083441
2005-01-05,-6.14406105868153
2005-01-12,11.6292411693628
2005-01-19,6.99219803372443
2005-01-26,0.0635029647332276
2005-02-02,3.53702441492601
2005-02-09,4.35558782173404
2005-02-16,1.08268489640198
2005-02-23,5.24781009892582
2005-03-02,2.07493698457095
2005-03-09,7.30082337226103
2005-03-16,0.649865712160793
2005-03-23,6.07868558530454
2005-03-30,-0.106077839415755
2005-04-06,0.752318577034763
2005-04-13,7.26495695998849
2005-04-20,14.5617564427075
2005-04-27,5.16963136810894
2005-05-04,-1.97097614644907
2005-05-11,0.624824326395778
2005-05-18,6.42010964691324
2005-05-25,4.84693197691042
2005-06-01,9.22981296755475
2005-06-08,-2.99799808004628
2005-06-15,-4.07777681107189
2005-06-22,-0.492549468699285
2005-06-29,-0.378860061361187
2005-07-06,4.95578520822888
2005-07-13,-4.84908336957954
2005-07-20,8.78226018922751
2005-07-27,9.87789806421253
2005-08-03,2.97368362932225
2005-08-10,-0.805967217992304
2005-08-17,-3.00494507236099
2005-08-24,9.46556374264881
2005-08-31,-2.52247270066792
2005-09-07,4.47017787830676
2005-09-14,-4.8818129224231
2005-09-21,5.56300430929686
2005-09-28,-3.64246878824701
2005-10-05,2.45407528663357
2005-10-12,-2.40961242001825
2005-10-19,-8.50732927342133
2005-10-26,-2.11278814838375
2005-11-02,1.00978280982945
2005-11-09,3.99904069709646
2005-11-16,10.7673494969507
2005-11-23,1.60690812505139
2005-11-30,-4.5457199233577
2005-12-07,12.4162439355528
2005-12-14,-4.09929967002263
2005-12-21,6.34467580148975
2005-12-28,0.236468217321877
2006-01-04,3.17862366280777
2006-01-11,-2.81108901482603
2006-01-18,-0.100855989633885
2006-01-25,5.27149541103239
2006-02-01,4.50378230261424
2006-02-08,8.10306526905426
2006-02-15,6.68486397574078
2006-02-22,-3.6490019872651
2006-03-01,4.29256341537992
2006-03-08,3.00924782604904
2006-03-15,-2.24676822125002
2006-03-22,6.6285108912769
2006-03-29,-2.98702250808636
2006-04-05,-6.42477512850753
2006-04-12,2.83723474411737
2006-04-19,1.14467955035929
2006-04-26,3.80413931979494
2006-05-03,3.01855570044677
2006-05-10,3.94179034843646
2006-05-17,9.5724308079849
2006-05-24,5.12435546767355
2006-05-31,8.58056254857633
2006-06-07,7.26308710481316
2006-06-14,12.8761798598011
2006-06-21,0.113368150330639
2006-06-28,5.06226106463341
2006-07-05,8.14488205208789
2006-07-12,-7.4116752908837
2006-07-19,6.12784307728643
2006-07-26,-0.463926768385193
2006-08-02,4.10773875655759
2006-08-09,7.80713076015601
2006-08-16,7.89823658471276
2006-08-23,4.92474958263157
2006-08-30,4.20206686458232
2006-09-06,6.6971464458542
2006-09-13,5.62317278159742
2006-09-20,1.91594881856746
2006-09-27,12.0253144526827
2006-10-04,18.3651623754192
2006-10-11,16.6798919856754
2006-10-18,3.19184307574897
2006-10-25,4.74479749480801
2006-11-01,2.24568333648828
2006-11-08,9.98346253757727
2006-11-15,6.48339194014124
2006-11-22,14.4080710943523
2006-11-29,0.899005800382777
2006-12-06,11.5107083354184
2006-12-13,0.697481198307559
2006-12-20,-5.12368474134994
2006-12-27,-7.47974150389782
2007-01-03,-5.82865232595334
2007-01-10,7.19150197810349
2007-01-17,-9.62143880766453
2007-01-24,2.8121392344178
2007-01-31,12.7814080027073
2007-02-07,11.1330676297964
2007-02-14,5.51179444054392
2007-02-21,2.92075930030039
2007-02-28,4.06099892004841
2007-03-07,-0.358058457674048
2007-03-14,5.26327826928841
2007-03-21,-5.98539584151441
2007-03-28,4.19362132669546
2007-04-04,12.452120504497
2007-04-11,17.1076544856857
2007-04-18,7.27667057851424
2007-04-25,-7.93253774814505
2007-05-02,1.31863769477427
2007-05-09,1.99235598609561
2007-05-16,0.380650690741431
2007-05-23,9.15994859644975
2007-05-30,-0.593277980083972
2007-06-06,2.99397162364383
2007-06-13,7.86859756954133
2007-06-20,-2.17392714601127
2007-06-27,-6.03943503401541
2007-07-04,1.38645286639038
2007-07-11,10.7579360314284
2007-07-18,1.17705509667563
2007-07-25,1.64624934647312
2007-08-01,-2.26854616511354
2007-08-08,7.3332092558951
2007-08-15,2.26072548760309
2007-08-22,4.44001388128581
2007-08-29,14.26927747812
2007-09-05,6.07039233958663
2007-09-12,4.77682556563036
2007-09-19,8.24402418801339
2007-09-26,5.90620098495746
2007-10-03,13.1300645574197
2007-10-10,0.702752124267745
2007-10-17,17.115163265252
2007-10-24,-3.80481915365342
2007-10-31,-11.5155009910104
2007-11-07,3.55942520394335
2007-11-14,9.96270020868632
2007-11-21,9.67038221128897
2007-11-28,5.74907280110425
2007-12-05,3.6984869557467
2007-12-12,-0.790756562037497
2007-12-19,-17.0910862756154
2007-12-26,5.68545427605397
2008-01-02,14.2575271853914
2008-01-09,12.0152090984842
2008-01-16,-1.11073815324045
2008-01-23,3.79625366979668
2008-01-30,-1.63369008150488
2008-02-06,-13.2249912296187
2008-02-13,4.11851449549158
2008-02-20,0.924649759191242
2008-02-27,1.90904497068066
2008-03-05,12.8995918252864
2008-03-12,10.1938670588165
2008-03-19,4.13919659465013
2008-03-26,-6.57562962607732
2008-04-02,0.395543051960187
2008-04-09,2.84773535834419
2008-04-16,13.1837031288753
2008-04-23,5.41304124943162
2008-04-30,0.368227237116096
2008-05-07,8.5974359534531
2008-05-14,8.1462969782323
2008-05-21,14.3889883826523
2008-05-28,3.7420919040902
2008-06-04,1.27029775668211
2008-06-11,-5.79145869221499
2008-06-18,4.29388108974164
2008-06-25,3.39974137879471
2008-07-02,6.96423187729735
2008-07-09,-13.7143645403054
2008-07-16,4.00535456128907
2008-07-23,-2.74799856392575
2008-07-30,-0.256925005020979
2008-08-06,4.83105747336104
2008-08-13,0.770707389352412
2008-08-20,-4.33797635854401
2008-08-27,-0.389059671490173
2008-09-03,-3.58745130140096
2008-09-10,2.9680208868286
2008-09-17,2.02577956616262
2008-09-24,-2.82971753264559
2008-10-01,8.0492430561242
2008-10-08,4.89144945322356
2008-10-15,8.08696602715386
2008-10-22,6.23733461747258
2008-10-29,1.42544533497223
2008-11-05,-11.7301952943874
2008-11-12,1.29298631814202
2008-11-19,-17.5488427914448
2008-11-26,-6.95338717316495
2008-12-03,-4.82236073601237
2008-12-10,-6.58540407948202
2008-12-17,8.72142771160792
2008-12-24,-5.83664695471217
2008-12-31,-2.07781776444019
2009-01-07,-0.202393812307248
2009-01-14,7.8182913528137
2009-01-21,-8.57835722107818
2009-01-28,9.80032617636101
2009-02-04,10.3727915214291
2009-02-11,-0.836841666443425
2009-02-18,-2.36758320073245
2009-02-25,8.43197792163795
2009-03-04,-2.77964133716107
2009-03-11,-6.5960213944861
2009-03-18,7.1243123748103
2009-03-25,7.22234172518292
2009-04-01,4.92002918115579
2009-04-08,2.36955598753807
2009-04-15,3.56012833422034
2009-04-22,1.66653825547959
2009-04-29,5.30407587498795
2009-05-06,13.1605612193382
2009-05-13,3.00620529201716
2009-05-20,-4.20789868174827
2009-05-27,3.67154601889313
2009-06-03,-3.19215992758697
2009-06-10,-1.99730191806664
2009-06-17,7.33808257930274
2009-06-24,-6.78493173992823
2009-07-01,-3.1849991634519
2009-07-08,-2.32092614920901
2009-07-15,1.80787387476698
2009-07-22,4.54955999770602
2009-07-29,6.99327043121316
2009-08-05,-0.318182356197976
2009-08-12,2.8887648867442
2009-08-19,2.79965689733491
2009-08-26,-3.01926201451146
2009-09-02,3.21251999806996
2009-09-09,5.42296383728069
2009-09-16,4.05064663357205
2009-09-23,-4.47319993518648
2009-09-30,3.96750580897572
2009-10-07,10.9118999541752
2009-10-14,2.2533113367727
2009-10-21,12.4352891309908
2009-10-28,2.93148155080771
2009-11-04,9.82511540972996
2009-11-11,19.1861950886834
2009-11-18,0.00450808865354751
2009-11-25,-4.83554291971969
2009-12-02,14.4176753737171
2009-12-09,2.7686859478368
2009-12-16,1.37466599521676
2009-12-23,-3.40909864953504
2009-12-30,-5.59644605111385
2010-01-06,-1.75884274152989
2010-01-13,5.63035843969626
2010-01-20,10.9210460902412
2010-01-27,5.2129345795794
2010-02-03,-10.1611095141509
2010-02-10,-9.26301597295094
2010-02-17,7.02161795574686
2010-02-24,-4.89381061130099
2010-03-03,-8.87900456546339
2010-03-10,2.22442066042566
2010-03-17,3.74501681615436
2010-03-24,7.1254528792447
2010-03-31,-2.9478027268398
2010-04-07,-15.3801933318177
2010-04-14,-0.0939354381527673
2010-04-21,-0.231205140236613
2010-04-28,6.27356484979969
2010-05-05,8.02845789026331
2010-05-12,8.14692706503355
2010-05-19,3.90810399723221
2010-05-26,-2.56264689558187
2010-06-02,6.29355830656277
2010-06-09,1.97596922638172
2010-06-16,0.21512112824813
2010-06-23,3.05134547189484
2010-06-30,-0.392683839238539
2010-07-07,-1.30244381774945
2010-07-14,3.05225471775642
2010-07-21,4.24991365620973
2010-07-28,-4.38461300920337
2010-08-04,3.11909611124757
2010-08-11,-4.11247856977316
2010-08-18,2.17507110500928
2010-08-25,-11.2990852808771
2010-09-01,-10.9423063811308
2010-09-08,-1.51211375624168
2010-09-15,-9.42511910543185
2010-09-22,-6.34412636766769
2010-09-29,-3.69206939286573
2010-10-06,-1.47314646044956
2010-10-13,-14.9866977947017
2010-10-20,6.92792262675599
2010-10-27,-4.99117942952221
2010-11-03,2.69358333484973
2010-11-10,-16.895509433154
2010-11-17,-3.56369905596852
2010-11-24,-11.7458915605144
2010-12-01,-8.49313292045935
2010-12-08,-16.4597644408379
2010-12-15,-7.87529846675812
2010-12-22,-6.73705874878098
2010-12-29,6.74406316058236
2011-01-05,-8.23675919526853
2011-01-12,-17.6764094266503
2011-01-19,12.1741027568767
2011-01-26,8.6045824344443
2011-02-02,-8.20091186533968
2011-02-09,-9.26052298904535
2011-02-16,-9.96209250450793
2011-02-23,-1.74390406374934
2011-03-02,-10.6019994042017
2011-03-09,-9.42060524760813
2011-03-16,-11.5182769638142
2011-03-23,-3.37683845964058
2011-03-30,4.01249399605672
2011-04-06,10.7528744087017
2011-04-13,-4.06678914441844
2011-04-20,-1.62117996834784
2011-04-27,8.0751871658675
2011-05-04,-2.94335706007754
2011-05-11,-0.667239238328624
2011-05-18,0.296220850061482
2011-05-25,1.34261526548463
2011-06-01,2.14155886851117
2011-06-08,-3.16309321254101
2011-06-15,1.58155660267284
2011-06-22,5.35118079175614
2011-06-29,6.83606063653223
2011-07-06,3.96758090612229
2011-07-13,-3.95973398012486
2011-07-20,3.99806986901577
2011-07-27,4.57709009922151
2011-08-03,4.22236708646975
2011-08-10,-0.330887678526778
2011-08-17,-0.335262518146274
2011-08-24,13.3499605166986
2011-08-31,6.52417828577645
2011-09-07,0.272876116619013
2011-09-14,10.4871553267011
2011-09-21,9.33998836362008
2011-09-28,-7.84762744574484
2011-10-05,-9.93216269040948
2011-10-12,-1.77743737409656
2011-10-19,3.07205176712152
2011-10-26,-8.72721642335585
2011-11-02,2.02208454245283
2011-11-09,-3.33492749874307
2011-11-16,-4.79217467587762
2011-11-23,-11.5977746519901
2011-11-30,-2.38692635588188
2011-12-07,-10.671454670908
2011-12-14,-2.67287098718068
2011-12-21,-1.92243530768374
2011-12-28,8.38721454164914
2012-01-04,-3.61266235762254
2012-01-11,-7.68250179461894
2012-01-18,2.61214452286767
2012-01-25,-6.26759949572913
2012-02-01,-9.29613793993753
2012-02-08,4.01246211576495
2012-02-15,1.99476869792425
2012-02-22,-8.21382732983703
2012-02-29,-27.6732057673645
2012-03-07,0.638560679075709
2012-03-14,-15.2547377345171
2012-03-21,0.263016784237379
2012-03-28,6.46430381599978
2012-04-04,3.70727894401214
2012-04-11,3.51735299623412
2012-04-18,-2.23486913502742
2012-04-25,-12.538093013057
2012-05-02,-3.32167951365207
2012-05-09,7.22973708864242
2012-05-16,10.784190657143
2012-05-23,-0.439003972452152
2012-05-30,1.17151544013242
2012-06-06,4.17452725186029
2012-06-13,1.24661316644578
2012-06-20,-0.0708319612006798
2012-06-27,-1.02776843032152
2012-07-04,8.03470675229533
2012-07-11,-11.9452390319319
2012-07-18,6.25864241279512
2012-07-25,1.58688427679616
2012-08-01,3.48335876148926
2012-08-08,3.7383363059013
2012-08-15,1.39891615368072
2012-08-22,-4.75982742730793
2012-08-29,3.64367480439264
2012-09-05,7.36563053170593
2012-09-12,6.45111135742103
2012-09-19,4.44135775095517
2012-09-26,-6.78475144927957
2012-10-03,10.9337476415746
2012-10-10,2.69449842728114
2012-10-17,5.34068734410551
2012-10-24,-2.92029536834991
2012-10-31,-0.0725495585250136
2012-11-07,-13.747797192665
2012-11-14,1.33028705299435
2012-11-21,6.42057238908534
2012-11-28,-4.99927675498609
2012-12-05,3.19055052047109
2012-12-12,-3.92067715820565
2012-12-19,-2.29219706701854
2012-12-26,1.51013679636027
2013-01-02,16.206606765547
2013-01-09,10.0505740305899
2013-01-16,-1.01780134981628
2013-01-23,2.99403140882199
2013-01-30,2.18400820040389
2013-02-06,8.62592967463165
2013-02-13,-0.581644171694377
2013-02-20,-0.614905502814281
2013-02-27,-17.1989279252731
2013-03-06,2.95852272870871
2013-03-13,5.02086471757698
2013-03-20,-2.86965449526617
2013-03-27,-5.92107224075882
2013-04-03,-1.65934792170449
2013-04-10,-1.76334846348569
2013-04-17,-2.70560375126161
2013-04-24,0.35169164156367
2013-05-01,2.60504822584688
2013-05-08,3.26938326181348
2013-05-15,-7.26893936291784
2013-05-22,1.27361476945288
2013-05-29,-5.75872374498408
2013-06-05,-9.78819613302059
2013-06-12,-4.02243711630832
2013-06-19,2.50157748499436
2013-06-26,0.361133922948105
2013-07-03,1.68764151500126
2013-07-10,0.928804517894711
2013-07-17,-9.50406284424419
2013-07-24,-0.823704824190949
2013-07-31,3.11991146658929
2013-08-07,3.23609738188666
2013-08-14,-3.25438905640911
2013-08-21,-0.685611349438866
2013-08-28,4.04194232790613
2013-09-04,6.37171600162777
2013-09-11,-0.667505866893825
2013-09-18,-4.0294848139982
2013-09-25,5.91825653349967
2013-10-02,-3.12405783190572
2013-10-09,8.19697976596113
2013-10-16,-0.522430161396496
2013-10-23,-0.139505717275556
2013-10-30,8.22528141935255
2013-11-06,4.49173807864192
2013-11-13,0.458845528443987
2013-11-20,-7.85466519731583
2013-11-27,-0.519822794491038
2013-12-04,0.976964201048539
2013-12-11,-3.87298469938353
2013-12-18,2.13052723360028
2013-12-25,-11.0095020275761
2014-01-01,2.54230922122427
2014-01-08,4.10897711417525
2014-01-15,11.4521919134652
2014-01-22,-2.32817989373059
2014-01-29,16.4294099348343
2014-02-05,3.66818754934623
2014-02-12,-8.04406309371328
2014-02-19,-1.82891385306813
2014-02-26,-3.60044456887361
2014-03-05,2.43106826087209
2014-03-12,-5.75610111570918
2014-03-19,-1.40691432754263
2014-03-26,-14.319439159575
2014-04-02,-2.22391682081543
2014-04-09,-13.8204397243924
2014-04-16,7.87251250251891
2014-04-23,-5.28362557708902
2014-04-30,-9.98982022401517
2014-05-07,-3.39797650372541
2014-05-14,3.55217001348155
2014-05-21,-4.50617063330595
2014-05-28,-4.73909894993696
2014-06-04,5.12025030911421
2014-06-11,-10.1621735156199
2014-06-18,7.12896056139032
2014-06-25,-7.02930646307967
2014-07-02,4.02867618610811
2014-07-09,2.08531822220385
2014-07-16,-9.19901092982112
2014-07-23,1.8117319900797
2014-07-30,2.46124988395317
2014-08-06,2.41986684700471
2014-08-13,1.03102465590747
2014-08-20,6.00440502495828
2014-08-27,8.5349087617083
2014-09-03,-3.17340372110582
2014-09-10,1.34706836539848
2014-09-17,0.372525738386392
2014-09-24,2.3379812336692
2014-10-01,11.1593859122982
2014-10-08,1.70462391592043
2014-10-15,2.81720422411722
2014-10-22,4.03789044913956
2014-10-29,-4.74122099261024
2014-11-05,-0.265862011432314
2014-11-12,-0.925251785815379
2014-11-19,-2.43177905717827
2014-11-26,-9.03037127592877
2014-12-03,-12.8268687878089
2014-12-10,0.774706854336504
2014-12-17,2.76074476696196
2014-12-24,-14.5568058495689
2014-12-31,-4.35197659341774
2015-01-07,-19.0755685462715
2015-01-14,-1.20678784756762
2015-01-21,-7.56553196666815
2015-01-28,1.64862794579925
2015-02-04,9.40847419965176
2015-02-11,6.14125376057016
2015-02-18,-2.43099572475899
2015-02-25,-0.157466726257029
2015-03-04,-1.95027596715239
2015-03-11,-1.02062452064867
2015-03-18,-1.50521171082493
2015-03-25,-3.95480104476686
2015-04-01,-11.741986558164
2015-04-08,-6.6327772266314
2015-04-15,-12.7241574381941
2015-04-22,-8.87341412256634
2015-04-29,-1.48409878147132
2015-05-06,0.479053248921819
2015-05-13,5.42136388169814
2015-05-20,-3.00908910949814
2015-05-27,-9.13877170784763
2015-06-03,2.53715775265081
2015-06-10,-1.18833364956621
2015-06-17,-5.44739386306457
2015-06-24,1.65187781197683
2015-07-01,0.469762644428808
2015-07-08,1.52177239912308
2015-07-15,-3.61411035878647
2015-07-22,-13.3649641654342
2015-07-29,-6.79125379005574
2015-08-05,1.47904010822725
2015-08-12,-0.0747272736290654
2015-08-19,-2.37369282829753
2015-08-26,-4.96791284691473
2015-09-02,-2.56262280481943
2015-09-09,1.03367817143559
2015-09-16,3.48794863261873
2015-09-23,2.99489592294844
2015-09-30,4.64226813517085
2015-10-07,7.13269337245396
2015-10-14,4.6283114578742
2015-10-21,1.57290824642668
2015-10-28,-0.998756549274451
2015-11-04,-9.93345591227214
2015-11-11,-2.94134438556173
2015-11-18,11.6228414994918
2015-11-25,1.79445716747339
2015-12-02,1.21143726588448
2015-12-09,-8.16504411401216
2015-12-16,0.675856544068141
2015-12-23,-4.21274930270809
2015-12-30,-9.88517605483409
2016-01-06,0.316633647552769
2016-01-13,-9.05505406107878
2016-01-20,-10.6103823891502
2016-01-27,-12.5371766158184
2016-02-03,-1.73031553396116
2016-02-10,11.2684921912278
2016-02-17,4.50574489143325
2016-02-24,2.15085590907505
2016-03-02,1.11371118208993
2016-03-09,-16.5781452934523
2016-03-16,-5.05756253277814
2016-03-23,-0.989314384662277
2016-03-30,-6.69591868297974
2016-04-06,-4.56553851738178
2016-04-13,-2.64940795467854
2016-04-20,-2.67633857740506
2016-04-27,-5.87759090255388
2016-05-04,-10.7236747480658
2016-05-11,-9.90485840220511
2016-05-18,-2.03698585954293
2016-05-25,-4.64341659680455
2016-06-01,-6.45304455798313
2016-06-08,-6.37491870140354
2016-06-15,-8.89161827661319
2016-06-22,-16.3712008727016
2016-06-29,-3.03306673996362
2016-07-06,-3.63368910953371
2016-07-13,-15.7972739193997
2016-07-20,-5.54415253243667
2016-07-27,-2.4862433455252
2016-08-03,-3.8281093268332
2016-08-10,-7.36279252278056
2016-08-17,-1.92375455741803
2016-08-24,-9.74848429783202
2016-08-31,-11.9742187421021
2016-09-07,-0.0891078698873733
2016-09-14,-11.7325273486151
2016-09-21,-12.5225514061127
2016-09-28,-9.0323098255734
2016-10-05,-5.72141711206746
2016-10-12,-4.85926296952842
2016-10-19,-12.509376881812
2016-10-26,-3.36085105722242
2016-11-02,-0.560931165865006
2016-11-09,-8.72926096577246
2016-11-16,4.60623862804258
2016-11-23,-4.71721883001123
2016-11-30,2.27902636899876
2016-12-07,-14.7705023529284
2016-12-14,-7.17041076175751
2016-12-21,-0.991593613502817
2016-12-28,-9.89850001048844
2017-01-04,1.12663946316274
2017-01-11,-6.24035881153052
2017-01-18,0.110731752762884
2017-01-25,2.48452740992408
2017-02-01,-10.1534396095881
2017-02-08,1.51904948032503
2017-02-15,-0.119437646438046
2017-02-22,1.39609340196482
2017-03-01,4.1795951885384
2017-03-08,-1.49956146040155
2017-03-15,-4.81049844295296
2017-03-22,-8.91069550152599
2017-03-29,1.69678728699053
2017-04-05,3.30003469369609
2017-04-12,2.70104472326854
2017-04-19,-6.30127263198664
2017-04-26,-4.00476541885834
2017-05-03,-0.438904491067985
2017-05-10,2.2982188762685
2017-05-17,-7.9294745545833
2017-05-24,6.70830792031801
2017-05-31,3.43251492274702
2017-06-07,3.56927742599372
2017-06-14,0.6002272996185
2017-06-21,3.9072571990735
2017-06-28,-3.40337388990994
2017-07-05,1.11264398494533
2017-07-12,-1.33881823037557
2017-07-19,-1.98607717689109
2017-07-26,-1.72638716819453
2017-08-02,-5.59916618457739
2017-08-09,-2.73834559017416
2017-08-16,-1.51771604328668
2017-08-23,-4.51779020163337
2017-08-30,-0.279917131612186
2017-09-06,-2.79056775847988
2017-09-13,-5.87936708017248
2017-09-20,-4.97306676671125
2017-09-27,-3.99952680747043
2017-10-04,-2.64959950996646
2017-10-11,-3.8447901955467
2017-10-18,-0.850141094831701
2017-10-25,-0.828678394367651
2017-11-01,3.52528659828454
2017-11-08,0.26711352014641
2017-11-15,0.12963011579073
2017-11-22,5.76657954045539
2017-11-29,-14.8549626231276
2017-12-06,-1.3115774408713
2017-12-13,7.5560366075725
2017-12-20,-8.62804994181652
2017-12-27,-6.66175713180426
2018-01-03,4.54579203614208
2018-01-10,-12.3027204388499
2018-01-17,7.86459288508255
2018-01-24,3.92925022248978
2018-01-31,-9.40533780136792
2018-02-07,5.68211540869798
2018-02-14,-4.12330082274043
2018-02-21,-11.3382885076656
2018-02-28,3.37655477109163
2018-03-07,-4.45194716733271
2018-03-14,-2.15235675791584
2018-03-21,-5.60801503445526
2018-03-28,-0.236220069091372
2018-04-04,4.4644221886798
2018-04-11,-1.51825065114932
2018-04-18,6.25016281639247
2018-04-25,0.832478426171353
2018-05-02,-8.82525108754529
2018-05-09,-1.94161211286272
2018-05-16,5.71104753067044
2018-05-23,2.156932733122
2018-05-30,-0.776849253645484
2018-06-06,-0.601187368094137
2018-06-13,0.221930621919179
2018-06-20,1.23261260143883
2018-06-27,-3.44483187394442
2018-07-04,-5.45322989127486
2018-07-11,6.82095189960024
2018-07-18,-1.88651660316315
2018-07-25,-0.363195093127266
2018-08-01,-5.53941941350144
2018-08-08,-6.86904487899454
2018-08-15,-1.45236984737335
2018-08-22,0.262632977345468
2018-08-29,-3.40727780423056
2018-09-05,0.60499551903387
2018-09-12,2.23428614466991
2018-09-19,1.53929435092882
2018-09-26,2.89715351607571
2018-10-03,-4.48469677089904
2018-10-10,-4.43605727359622
2018-10-17,-4.30967777691849
2018-10-24,3.70740323326684
2018-10-31,1.45676918740598
2018-11-07,-6.86414625853649
2018-11-14,3.43833490165042
2018-11-21,-8.39009420685804
2018-11-28,4.55454884141457
2018-12-05,6.12404242410916
2018-12-12,-5.4955185394603
2018-12-19,3.55221528552827
2018-12-26,7.69558097728785
2019-01-02,9.04008270800731
2019-01-09,4.324923134245
2019-01-16,4.26227764711452
2019-01-23,5.34799966279024
2019-01-30,-5.89003938473529
2019-02-06,-3.37959422499167
2019-02-13,5.32510159362835
2019-02-20,9.51671300905173
2019-02-27,7.15765992369299
2019-03-06,-7.36068384816847
2019-03-13,-4.86535739516948
2019-03-20,1.53391703018645
2019-03-27,-14.3673263049252
2019-04-03,0.546286737351189
2019-04-10,2.38831835334683
2019-04-17,0.810586550542699
2019-04-24,-2.28291129568057
2019-05-01,-14.4965392937231
2019-05-08,4.2640660097906
2019-05-15,9.78788635361552
2019-05-22,3.63766244662922
2019-05-29,5.80397481303613
2019-06-05,-5.84644983000719
2019-06-12,3.41403935802979
2019-06-19,4.23062501200483
2019-06-26,-3.60373910939472
2019-07-03,4.07851455509457
2019-07-10,0.594598018522504
2019-07-17,2.08125478561538
2019-07-24,-0.340657096636379
2019-07-31,3.75395925033495
2019-08-07,-3.52802959255221
2019-08-14,3.56005547038436
2019-08-21,5.00543644011966
2019-08-28,3.40146635541264
2019-09-04,5.71703358789079
2019-09-11,5.17424029079777
2019-09-18,-4.7560720429246
2019-09-25,1.73436809510836
2019-10-02,10.0506569498403
2019-10-09,4.92491640468726
2019-10-16,7.01122082117263
2019-10-23,10.8684468729402
2019-10-30,-7.75394088134345
2019-11-06,4.55202424633165
2019-11-13,8.2907343388591
2019-11-20,7.51535033758465
2019-11-27,-6.13352111805876
2019-12-04,10.9356621225593
2019-12-11,1.01036406228096
2019-12-18,11.1015903933613
2019-12-25,7.68252985699577
2020-01-01,4.49310367128781
2020-01-08,-6.94407583043195
2020-01-15,-0.868445526080921
2020-01-22,-4.79679067544562
2020-01-29,-1.52876410158525
2020-02-05,-3.15083328204947
2020-02-12,-4.55534025920186
2020-02-19,-0.159353126962896
2020-02-26,0.215654403619823
2020-03-04,-18.2985296835152
2020-03-11,-0.845227210845841
2020-03-18,1.19018594775022
2020-03-25,-1.13591170538039
2020-04-01,-15.5339703412199
2020-04-08,-4.3400785571978
2020-04-15,-1.70868083597281
2020-04-22,-5.48290571909103
2020-04-29,-9.17568559380855
2020-05-06,-1.37618458473704
2020-05-13,2.09755467275252
2020-05-20,-6.23146980514392
2020-05-27,3.08158598723235
2020-06-03,5.66168182375387
2020-06-10,-2.27246014928718
2020-06-17,1.95919398590151
2020-06-24,6.15586234198676
2020-07-01,6.04015977015736
2020-07-08,1.83843918689125
2020-07-15,1.65684230796545
2020-07-22,-0.20674926936832
2020-07-29,1.62295318403435
2020-08-05,-4.20826126109163
2020-08-12,-7.51940956142048
2020-08-19,-0.549501519897551
2020-08-26,7.14335768221163
2020-09-02,3.04577444588587
2020-09-09,-3.93560719407781
2020-09-16,-2.7561781868102
2020-09-23,0.116562676808197
2020-09-30,0.874530349952591
2020-10-07,-2.04209777589829
2020-10-14,-0.515874773950888
2020-10-21,-6.43753993085042
2020-10-28,4.21146877702144
2020-11-04,7.84017007010323
2020-11-11,5.87708113507783
2020-11-18,1.27293801738773
2020-11-25,2.52472198254655
2020-12-02,-1.43791268548115
2020-12-09,-4.17133356888102
2020-12-16,-1.85660633589993
2020-12-23,-8.88368128532372
2020-12-30,-4.47773795676117
