"time","x_co","anomaly_co","x_co climatology","num_obs"
20010103,74.5149,7.8265,66.6884,2019
20010110,74.4208,8.83761,65.5832,1911
20010117,86.241,21.4862,64.7547,2302
20010124,81.9124,17.7564,64.156,1869
20010131,67.8189,4.08686,63.732,1654
20010207,-999.99,-9999,63.4275,-9999
20010214,57.2025,-5.99054,63.193,760
20010221,63.0431,0.053916,62.9892,2704
20010228,64.9145,2.12518,62.7893,1769
20010307,60.6703,-1.90925,62.5796,2698
20010314,64.3146,1.95717,62.3574,2082
20010321,59.7377,-2.39053,62.1282,1330
20010328,60.461,-1.44082,61.9019,2810
20010404,64.2336,2.54501,61.6885,1943
20010411,60.1487,-1.3471,61.4958,2569
20010418,61.8893,0.5627,61.3266,2899
20010425,60.9435,-0.235431,61.1789,1990
20010502,67.5912,6.5441,61.0471,1515
20010509,63.9954,3.07098,60.9244,783
20010516,-999.99,-9999,60.807,-9999
20010523,-999.99,-9999,60.6973,-9999
20010530,-999.99,-9999,60.6081,-9999
20010606,-999.99,-9999,60.5644,-9999
20010613,-999.99,-9999,60.6043,-9999
20010620,-999.99,-9999,60.7773,-9999
20010627,-999.99,-9999,61.1408,-9999
20010704,-999.99,-9999,61.7545,-9999
20010711,-999.99,-9999,62.673,-9999
20010718,-999.99,-9999,63.9388,-9999
20010725,-999.99,-9999,65.5742,-9999
20010801,-999.99,-9999,67.5755,-9999
20010808,-999.99,-9999,69.909,-9999
20010815,-999.99,-9999,72.5094,-9999
20010822,75.4507,0.16859,75.2821,229
20010829,79.2496,1.14139,78.1082,2059
20010905,93.4076,12.5553,80.8523,1985
20010912,88.2107,4.83807,83.3726,2429
20010919,95.5112,9.97885,85.5324,3043
20010926,95.9717,8.7605,87.2112,2824
20011003,85.9538,-2.36137,88.3152,1594
20011010,83.7874,-4.99794,88.7853,1277
20011017,83.9725,-4.62961,88.6021,2164
20011024,94.4529,6.66557,87.7873,1407
20011031,85.029,-1.37274,86.4018,1850
20011107,83.445,-1.0945,84.5395,985
20011114,77.4187,-4.90058,82.3193,1202
20011121,75.7421,-4.13201,79.8741,1634
20011128,71.5794,-5.76055,77.34,1957
20011205,83.6279,8.78327,74.8446,731
20011212,70.0015,-2.49683,72.4983,983
20011219,70.7917,0.405322,70.3864,2773
20011226,68.5074,-0.0575398,68.565,1978
20020102,66.5357,-0.335291,66.871,2163
20020109,64.8749,-0.848324,65.7232,2403
20020116,65.457,0.599194,64.8578,2824
20020123,66.7485,2.51904,64.2295,1647
20020130,67.1005,3.3165,63.784,2417
20020206,62.3353,-1.13033,63.4657,1104
20020213,62.8251,-0.398764,63.2239,2802
20020220,64.4866,1.469,63.0176,1104
20020227,63.3902,0.571916,62.8183,1778
20020306,66.774,4.16368,62.6103,1792
20020313,65.7751,3.38537,62.3898,3240
20020320,70.3435,8.18247,62.161,1077
20020327,56.0231,-5.9105,61.9336,367
20020403,64.3541,2.63622,61.7179,3373
20020410,66.9146,5.39272,61.5219,2690
20020417,64.3759,3.0266,61.3493,2046
20020424,66.3411,5.14223,61.1989,2867
20020501,64.0498,2.98457,61.0652,3604
20020508,65.4684,4.52681,60.9416,2659
20020515,64.891,4.06756,60.8234,1124
20020522,61.8748,1.16266,60.7122,1459
20020529,63.7074,3.08857,60.6188,2064
20020605,65.435,4.86836,60.5666,1738
20020612,63.8579,3.26619,60.5917,1265
20020619,63.6698,2.92754,60.7423,1788
20020626,65.3735,4.29858,61.0749,2718
20020703,65.1029,3.45361,61.6493,2679
20020710,67.3241,4.80277,62.5214,2906
20020717,68.5927,4.85702,63.7356,2314
20020724,69.6677,4.34991,65.3178,2790
20020731,74.1303,6.86216,67.2682,1529
20020807,69.0687,-0.488726,69.5574,3045
20020814,74.9312,2.80634,72.1248,2738
20020821,74.8254,-0.0543068,74.8798,2148
20020828,83.2031,5.49682,77.7063,2716
20020904,91.7655,11.2948,80.4707,2609
20020911,87.1046,4.07305,83.0316,2395
20020918,93.7701,8.51938,85.2507,2463
20020925,92.5013,5.4966,87.0047,2304
20021002,103.627,15.4317,88.1953,3036
20021009,105.604,16.8463,88.7582,2708
20021016,108.654,19.9858,88.6679,2457
20021023,100.897,12.957,87.9405,2792
20021030,100.495,13.8637,86.6314,2502
20021106,100.751,15.9206,84.8304,2978
20021113,103.497,20.8438,82.6534,2459
20021120,97.4213,17.1893,80.232,1515
20021127,88.7287,11.0263,77.7024,1578
20021204,-999.99,-9999,75.1943,-9999
20021211,-999.99,-9999,72.8208,-9999
20021218,-999.99,-9999,70.6713,-9999
20021225,76.4849,7.67878,68.8061,2626
20030101,65.0667,-1.99329,67.06,1609
20030108,72.1508,6.28182,65.869,3407
20030115,72.2109,7.24513,64.9657,2979
20030122,86.9001,22.5933,64.3067,3278
20030129,76.2947,12.4561,63.8386,2847
20030205,72.842,9.33664,63.5054,2291
20030212,75.2189,11.9635,63.2554,2178
20030219,71.5076,8.4615,63.0461,279
20030226,62.5052,-0.341814,62.847,2132
20030305,65.1798,2.53893,62.6408,1837
20030312,62.4074,-0.0145022,62.4219,3198
20030319,62.5641,0.370171,62.1939,3053
20030326,62.8383,0.872625,61.9656,2547
20030402,63.1416,1.394,61.7476,3324
20030409,62.9385,1.38996,61.5485,1753
20030416,59.5472,-1.82532,61.3726,2782
20030423,63.3536,2.13438,61.2192,3191
20030430,61.6377,0.554216,61.0835,2144
20030507,64.3797,3.42087,60.9588,2054
20030514,62.7752,1.93513,60.84,1171
20030521,63.5956,2.86827,60.7274,2107
20030528,63.1577,2.52737,60.6303,2438
20030604,65.0109,4.44061,60.5703,1748
20030611,64.5323,3.95066,60.5817,2009
20030618,63.6923,2.98125,60.711,1650
20030625,64.5752,3.56125,61.014,1181
20030702,66.1555,4.60528,61.5502,2431
20030709,67.264,4.88735,62.3767,1784
20030716,68.2306,4.69058,63.54,3325
20030723,68.4983,3.42935,65.0689,2659
20030730,70.6961,3.72836,66.9678,3403
20030806,72.7648,3.55318,69.2116,2444
20030813,73.1503,1.40611,71.7442,2272
20030820,72.7495,-1.72933,74.4789,1876
20030827,74.2374,-3.06558,77.303,2459
20030903,77.2605,-2.82446,80.0849,2669
20030910,84.8719,2.18836,82.6835,2552
20030917,94.5806,9.62108,84.9595,2225
20030924,89.3903,2.60364,86.7867,2765
20031001,84.6211,-3.44152,88.0626,1786
20031008,88.7002,-0.0174083,88.7176,1595
20031015,83.7255,-4.99509,88.7206,3088
20031022,90.9941,2.91246,88.0817,2052
20031029,85.09,-1.76095,86.8509,1087
20031105,84.7367,-0.376915,85.1136,2338
20031112,82.5816,-0.400931,82.9825,3320
20031119,83.8959,3.30817,80.5877,1195
20031126,75.5147,-2.55062,78.0654,1774
20031203,72.4692,-3.07754,75.5468,1203
20031210,73.3715,0.223508,73.148,1449
20031217,-999.99,-9999,70.962,-9999
20031224,-999.99,-9999,69.0537,-9999
20031231,72.6388,5.18144,67.4573,491
20040107,65.9638,-0.0568647,66.0207,2031
20040114,60.1396,-4.93908,65.0787,2131
20040121,59.6483,-4.7396,64.3879,2178
20040128,59.6991,-4.1968,63.8959,1863
20040204,62.4336,-1.11319,63.5468,2624
20040211,65.8549,2.56719,63.2878,3171
20040218,64.6864,1.61157,63.0748,2331
20040225,61.8036,-1.07202,62.8756,2076
20040303,60.0228,-2.6483,62.6711,3121
20040310,60.3641,-2.08981,62.4539,2290
20040317,63.1416,0.914888,62.2267,2780
20040324,62.5337,0.535842,61.9978,3783
20040331,63.3116,1.53383,61.7778,1886
20040407,62.2594,0.683784,61.5756,3180
20040414,65.7871,4.39091,61.3962,3061
20040421,61.607,0.36713,61.2399,3027
20040428,59.4467,-1.65533,61.1021,1629
20040505,59.8308,-1.14546,60.9762,1652
20040512,61.4167,0.560028,60.8567,1851
20040519,61.8811,1.13831,60.7428,1775
20040526,57.9171,-2.72549,60.6426,1343
20040602,59.1179,-1.45758,60.5754,1405
20040609,62.2765,1.7025,60.574,1234
20040616,63.3108,2.62749,60.6833,2118
20040623,63.7853,2.82747,60.9578,2263
20040630,64.1457,2.6886,61.4571,3053
20040707,65.3642,3.12524,62.2389,1541
20040714,65.5882,2.23639,63.3519,2635
20040721,68.2508,3.42317,64.8277,1990
20040728,68.3069,1.63245,66.6745,1480
20040804,70.2634,1.39165,68.8717,1720
20040811,72.4453,1.07763,71.3677,2398
20040818,74.4787,0.398863,74.0798,2817
20040825,80.9348,4.03583,76.8989,3487
20040901,77.5532,-2.14218,79.6954,1801
20040908,77.4353,-4.89362,82.3289,1621
20040915,82.0259,-2.6332,84.6591,2780
20040922,89.5121,2.95476,86.5573,3051
20040929,98.3285,10.4114,87.9171,2025
20041006,97.4719,8.80827,88.6637,2595
20041013,114.22,25.4598,88.7602,3303
20041020,89.9788,1.76802,88.2108,1693
20041027,95.121,8.06094,87.0601,2315
20041103,86.1572,0.768381,85.3888,558
20041110,81.0632,-2.24306,83.3063,2036
20041117,83.026,2.08515,80.9408,2102
20041124,76.8865,-1.54195,78.4284,2783
20041201,82.9944,7.09269,75.9017,2520
20041208,72.8471,-0.63244,73.4795,991
20041215,72.5294,1.27088,71.2585,2974
20041222,71.4493,2.14165,69.3077,2081
20041229,65.519,-2.14677,67.6658,3019
20050105,63.3222,-3.01996,66.3422,1281
20050112,71.7316,6.4115,65.3201,3562
20050119,64.2424,-0.320171,64.5626,1930
20050126,64.6902,0.670717,64.0195,2338
20050202,65.0283,1.39317,63.6351,2664
20050209,65.1825,1.8272,63.3553,2800
20050216,64.4409,1.30779,63.1331,3002
20050223,64.8431,1.91063,62.9325,2726
20050302,65.5671,2.83644,62.7307,2977
20050309,60.7995,-1.71772,62.5173,3281
20050316,63.1863,0.894083,62.2923,2517
20050323,62.5962,0.533447,62.0628,3389
20050330,65.8405,4.00136,61.8392,3085
20050406,62.7704,1.13921,61.6311,2632
20050413,64.1893,2.74425,61.4451,3259
20050420,65.9048,4.62241,61.2824,3957
20050427,67.4013,6.26142,61.1399,875
20050504,68.6133,7.602,61.0113,305
20050511,64.197,3.30662,60.8904,1770
20050518,65.3031,4.52854,60.7745,2127
20050525,65.3753,4.70634,60.6689,1482
20050601,64.8988,4.30919,60.5896,2334
20050608,66.5164,5.95106,60.5653,1416
20050615,63.8541,3.21637,60.6377,1843
20050622,64.5271,3.66802,60.8591,2111
20050629,63.9437,2.65568,61.288,1896
20050706,63.2559,1.27223,61.9836,1778
20050713,63.4009,0.40307,62.9979,1312
20050720,64.4542,0.0862457,64.368,3222
20050727,68.6828,2.57327,66.1096,2691
20050803,68.5874,0.376836,68.2106,2422
20050810,72.1207,1.49237,70.6283,2725
20050817,74.4455,1.15674,73.2888,3016
20050824,79.0087,2.91888,76.0898,3494
20050831,83.6054,4.69857,78.9068,1503
20050907,105.49,23.889,81.6014,2269
20050914,87.238,3.20582,84.0321,1543
20050921,100.175,14.109,86.0658,2897
20050928,98.3442,10.7556,87.5886,2187
20051005,105.27,16.754,88.5158,2059
20051012,105.838,17.0383,88.7995,1780
20051019,96.4752,8.04339,88.4318,1395
20051026,90.1056,2.65949,87.4461,1506
20051102,92.2077,6.29423,85.9135,1673
20051109,91.4516,7.51554,83.936,2158
20051116,80.605,-1.0326,81.6376,2371
20051123,77.1118,-2.04154,79.1533,2131
20051130,71.3228,-5.29505,76.6178,1736
20051207,73.9926,-0.162181,74.1548,2513
20051214,71.4696,-0.398366,71.868,2407
20051221,73.0337,3.19902,69.8346,2586
20051228,72.5478,4.4455,68.1023,3095
20060104,72.0444,5.53223,66.5122,2396
20060111,67.9594,2.51052,65.4489,2254
20060118,65.45,0.793619,64.6564,1715
20060125,67.6219,3.5359,64.086,2177
20060201,65.5147,1.83226,63.6824,2617
20060208,63.3973,0.0065512,63.3908,2900
20060215,63.6598,0.49706,63.1628,2506
20060222,61.5756,-1.38524,62.9608,1666
20060301,59.3743,-3.38584,62.7601,2296
20060308,62.4632,-0.0853362,62.5485,2614
20060315,62.7277,0.402778,62.3249,2579
20060322,60.1965,-1.89895,62.0955,2500
20060329,60.4087,-1.46163,61.8704,2422
20060405,59.3777,-2.28197,61.6596,2043
20060412,58.1585,-3.31169,61.4702,2239
20060419,56.3649,-4.93937,61.3043,2549
20060426,60.2146,-0.944631,61.1593,2036
20060503,57.7425,-3.28664,61.0291,2693
20060510,58.0846,-2.82279,60.9074,2412
20060517,59.1412,-1.64944,60.7907,2336
20060524,57.5216,-3.16127,60.6829,1547
20060531,60.4601,-0.138272,60.5984,1678
20060607,58.7598,-1.80417,60.564,1472
20060614,60.6148,-0.00476064,60.6196,2156
20060621,63.3618,2.54563,60.8161,1316
20060628,61.3927,0.180883,61.2118,2441
20060705,62.1077,0.241819,61.8658,2389
20060712,63.511,0.679194,62.8318,1335
20060719,61.9392,-2.21043,64.1496,1458
20060726,63.0834,-2.75472,65.8382,1925
20060802,68.563,0.673275,67.8897,2454
20060809,69.102,-1.16398,70.266,3209
20060816,72.8113,-0.0861959,72.8975,3101
20060823,76.9682,1.28257,75.6856,2984
20060830,79.9168,1.40825,78.5086,3232
20060906,80.9647,-0.264606,81.2294,1993
20060913,80.9065,-2.79975,83.7063,2827
20060920,102.154,16.3497,85.8042,3185
20060927,87.8103,0.404462,87.4059,1895
20061004,85.1569,-3.26518,88.4221,396
20061011,-999.99,-9999,88.7991,-9999
20061018,92.0287,3.50536,88.5234,1152
20061025,83.3023,-4.32015,87.6225,2401
20061101,75.7391,-10.4233,86.1624,1872
20061108,81.2025,-3.03874,84.2412,3434
20061115,77.5871,-4.39341,81.9805,2642
20061122,93.2164,13.702,79.5144,2886
20061129,105.336,28.3581,76.9783,1670
20061206,72.6026,-1.89544,74.498,1821
20061213,79.8528,7.67218,72.1806,2537
20061220,83.5017,13.3943,70.1075,1356
20061227,65.3246,-3.00582,68.3304,1807
20070103,68.4958,1.8074,66.6884,1056
20070110,70.616,5.03278,65.5832,2839
20070117,82.1196,17.3649,64.7547,873
20070124,65.8565,1.70051,64.156,1993
20070131,66.0522,2.32021,63.732,3218
20070207,69.3998,5.97226,63.4275,3419
20070214,63.9221,0.729095,63.193,2606
20070221,68.0147,5.02558,62.9892,2622
20070228,69.5757,6.78637,62.7893,2277
20070307,67.2032,4.62362,62.5796,2137
20070314,67.1057,4.74827,62.3574,2455
20070321,63.8858,1.75756,62.1282,1017
20070328,61.0785,-0.823356,61.9019,2711
20070404,62.9758,1.2873,61.6885,3640
20070411,63.8063,2.31053,61.4958,3507
20070418,65.0686,3.74202,61.3266,3184
20070425,64.7631,3.58425,61.1789,1478
20070502,64.057,3.0099,61.0471,2137
20070509,64.2281,3.30363,60.9244,1588
20070516,61.7844,0.97743,60.807,1181
20070523,62.2829,1.58558,60.6973,1996
20070530,60.7575,0.149363,60.6081,1550
20070606,62.1372,1.57279,60.5644,1514
20070613,63.5574,2.95309,60.6043,1798
20070620,60.4773,-0.299934,60.7773,924
20070627,63.3592,2.21838,61.1408,1680
20070704,65.9151,4.16065,61.7545,1552
20070711,65.8609,3.18789,62.673,2345
20070718,67.4229,3.48408,63.9388,1605
20070725,66.6427,1.06846,65.5742,2171
20070801,66.3195,-1.25607,67.5755,1962
20070808,70.7282,0.819206,69.909,3173
20070815,72.5247,0.0153264,72.5094,2744
20070822,76.2921,1.01,75.2821,2492
20070829,76.0777,-2.03059,78.1082,3339
20070905,81.145,0.292694,80.8523,2501
20070912,84.235,0.862386,83.3726,2428
20070919,107.792,22.2601,85.5324,2720
20070926,100.991,13.7799,87.2112,3003
20071003,106.365,18.05,88.3152,2590
20071010,100.566,11.7807,88.7853,2130
20071017,117.582,28.9801,88.6021,3467
20071024,101.672,13.8852,87.7873,1733
20071031,88.9891,2.58733,86.4018,927
20071107,82.0945,-2.44502,84.5395,1629
20071114,83.9981,1.67883,82.3193,1784
20071121,82.9284,3.05428,79.8741,2582
20071128,79.426,2.08605,77.34,1861
20071205,77.8062,2.96154,74.8446,1670
20071212,74.8989,2.40055,72.4983,1562
20071219,67.9755,-2.41086,70.3864,915
20071226,65.2384,-3.32653,68.565,2469
20080102,66.8076,-0.0633875,66.871,3027
20080109,66.5224,0.799211,65.7232,2772
20080116,64.2945,-0.563304,64.8578,2118
20080123,62.3936,-1.83594,64.2295,1902
20080130,61.8486,-1.93541,63.784,637
20080206,-999.99,-9999,63.4657,-9999
20080213,58.6854,-4.53842,63.2239,2111
20080220,62.6388,-0.378748,63.0176,2876
20080227,59.1413,-3.67697,62.8183,2302
20080305,64.0851,1.47479,62.6103,4009
20080312,67.9593,5.5695,62.3898,3649
20080319,64.3691,2.20804,62.161,3009
20080326,58.3123,-3.62135,61.9336,2007
20080402,60.9098,-0.808114,61.7179,3067
20080409,60.8532,-0.66867,61.5219,2298
20080416,59.8037,-1.54567,61.3493,2449
20080423,60.6131,-0.585729,61.1989,3144
20080430,59.8826,-1.18259,61.0652,2131
20080507,60.2917,-0.649848,60.9416,2414
20080514,62.619,1.79557,60.8234,2719
20080521,59.968,-0.744144,60.7122,1979
20080528,63.1525,2.53364,60.6188,1938
20080604,62.9473,2.38076,60.5666,1386
20080611,57.8355,-2.75623,60.5917,1338
20080618,60.8123,0.0699814,60.7423,1744
20080625,63.3933,2.31842,61.0749,2823
20080702,65.105,3.45567,61.6493,2527
20080709,64.6922,2.17085,62.5214,1122
20080716,71.7346,7.99894,63.7356,2323
20080723,65.3845,0.0666915,65.3178,1576
20080730,68.5184,1.25022,67.2682,2239
20080806,67.7556,-1.80183,69.5574,2291
20080813,69.3701,-2.75476,72.1248,2057
20080820,71.9463,-2.93342,74.8798,2110
20080827,74.2832,-3.42308,77.7063,2098
20080903,72.7891,-7.68165,80.4707,1527
20080910,80.5748,-2.45677,83.0316,2270
20080917,83.161,-2.08967,85.2507,2726
20080924,78.8048,-8.19992,87.0047,3387
20081001,82.513,-5.68229,88.1953,2720
20081008,80.8179,-7.94026,88.7582,1938
20081015,88.3408,-0.327127,88.6679,2836
20081022,88.3688,0.428365,87.9405,2816
20081029,92.0554,5.42403,86.6314,2273
20081105,81.1667,-3.66369,84.8304,864
20081112,76.1543,-6.4991,82.6534,1934
20081119,73.2283,-7.00367,80.232,738
20081126,68.7214,-8.98108,77.7024,927
20081203,69.8873,-5.30702,75.1943,1386
20081210,65.941,-6.87984,72.8208,1328
20081217,64.7017,-5.96955,70.6713,2252
20081224,64.2884,-4.51773,68.8061,463
20081231,63.1108,-4.14466,67.2554,2315
20090107,64.2694,-1.75125,66.0207,2377
20090114,62.2522,-2.82646,65.0787,2670
20090121,62.8696,-1.51829,64.3879,1389
20090128,64.4256,0.529731,63.8959,2299
20090204,-999.99,-9999,63.5468,-9999
20090211,69.8875,6.59976,63.2878,420
20090218,64.2946,1.21982,63.0748,1992
20090225,64.8434,1.9678,62.8756,2729
20090304,61.7142,-0.956874,62.6711,1979
20090311,59.3664,-3.08752,62.4539,1681
20090318,57.9735,-4.25323,62.2267,2851
20090325,59.9237,-2.07412,61.9978,2856
20090401,60.1131,-1.66465,61.7778,3074
20090408,56.8833,-4.69227,61.5756,2162
20090415,57.6335,-3.76276,61.3962,2272
20090422,59.4686,-1.77122,61.2399,2945
20090429,57.6839,-3.41815,61.1021,2247
20090506,59.6055,-1.37069,60.9762,2936
20090513,60.004,-0.852729,60.8567,2114
20090520,57.7153,-3.02756,60.7428,958
20090527,59.7022,-0.94041,60.6426,1789
20090603,58.0981,-2.47731,60.5754,994
20090610,57.8964,-2.67766,60.574,2504
20090617,60.3698,-0.313463,60.6833,2565
20090624,59.1669,-1.79092,60.9578,1417
20090701,61.3168,-0.140268,61.4571,1657
20090708,61.2022,-1.03672,62.2389,1520
20090715,59.9981,-3.35378,63.3519,1792
20090722,62.4889,-2.33878,64.8277,2644
20090729,64.2331,-2.44131,66.6745,337
20090805,-999.99,-9999,68.8717,-9999
20090812,-999.99,-9999,71.3677,-9999
20090819,-999.99,-9999,74.0798,-9999
20090826,-999.99,-9999,76.8989,-9999
20090902,-999.99,-9999,79.6954,-9999
20090909,-999.99,-9999,82.3289,-9999
20090916,-999.99,-9999,84.6591,-9999
20090923,-999.99,-9999,86.5573,-9999
20090930,76.7574,-11.1597,87.9171,586
20091007,72.7139,-15.9498,88.6637,2420
20091014,74.3505,-14.4097,88.7602,1723
20091021,89.6304,1.41959,88.2108,2522
20091028,81.9773,-5.08278,87.0601,2104
20091104,80.1735,-5.2153,85.3888,2759
20091111,79.9959,-3.31042,83.3063,3321
20091118,89.9987,9.05793,80.9408,2526
20091125,79.5873,1.15892,78.4284,1289
20091202,65.9139,-9.98778,75.9017,2734
20091209,71.6262,-1.85329,73.4795,1861
20091216,70.6905,-0.567965,71.2585,2486
20091223,65.429,-3.87863,69.3077,1872
20091230,63.4183,-4.24752,67.6658,1452
20100106,59.993,-6.18537,66.1784,1705
20100113,63.2966,-1.90008,65.1967,2633
20100120,61.1321,-3.34105,64.4731,2028
20100127,65.1994,1.24327,63.9562,2274
20100203,57.8401,-5.74986,63.59,1168
20100210,59.1412,-4.17977,63.321,1428
20100217,60.0554,-3.04833,63.1038,2277
20100224,60.9454,-1.95873,62.9041,1728
20100303,57.5333,-5.1677,62.701,997
20100310,57.5429,-4.94281,62.4857,1804
20100317,59.27,-2.98953,62.2595,2837
20100324,61.4068,-0.623409,62.0302,3324
20100331,58.9035,-2.90484,61.8083,2535
20100407,59.5492,-2.05397,61.6031,1124
20100414,57.3043,-4.11608,61.4204,2755
20100421,57.9739,-3.28698,61.2609,1910
20100428,57.2558,-3.86509,61.1209,2746
20100505,58.8656,-2.1281,60.9937,2835
20100512,58.665,-2.20854,60.8735,3056
20100519,60.6065,-0.152106,60.7586,2025
20100526,60.7536,0.0981046,60.6555,823
20100602,60.5962,0.0143174,60.5819,1877
20100609,58.3084,-2.26021,60.5686,1274
20100616,60.4472,-0.211728,60.6589,1995
20100623,61.752,0.84578,60.9062,1383
20100630,60.5839,-0.785917,61.3698,2007
20100707,60.9583,-1.14963,62.108,1696
20100714,64.0423,0.871111,63.1712,1974
20100721,62.554,-2.04005,64.594,2161
20100728,64.612,-1.77639,66.3884,873
20100804,63.8973,-4.64069,68.538,2939
20100811,67.0828,-3.9128,70.9956,2390
20100818,67.2828,-6.4002,73.683,2413
20100825,73.86,-2.63436,76.4944,888
20100901,74.6927,-4.60984,79.3026,2175
20100908,84.8538,2.8857,81.9681,1816
20100915,77.9256,-6.42429,84.3499,638
20100922,94.783,8.46608,86.3169,1639
20100929,91.1968,3.43776,87.759,1687
20101006,101.164,12.5671,88.5964,1645
20101013,104.993,16.2065,88.7865,1125
20101020,87.574,-0.753509,88.3275,2491
20101027,99.2107,11.9521,87.2586,1173
20101103,87.0385,1.38299,85.6556,1714
20101110,81.9996,-1.62465,83.6242,1248
20101117,75.7936,-5.49735,81.2909,1474
20101124,77.0326,-1.75856,78.7912,902
20101201,68.7887,-7.47014,76.2588,666
20101208,66.8961,-6.91908,73.8152,807
20101215,65.0318,-6.52875,71.5605,1510
20101222,65.392,-4.17597,69.568,2203
20101229,63.0953,-4.78546,67.8808,2890
20110105,64.9875,-1.35464,66.3422,1212
20110112,63.0426,-2.27748,65.3201,731
20110119,59.0261,-5.53646,64.5626,2667
20110126,63.1795,-0.839989,64.0195,2927
20110202,60.0708,-3.56428,63.6351,1795
20110209,59.6362,-3.71911,63.3553,1178
20110216,58.8274,-4.30567,63.1331,792
20110223,59.4531,-3.47935,62.9325,2352
20110302,59.7473,-2.98338,62.7307,1497
20110309,60.6722,-1.84501,62.5173,1220
20110316,55.9637,-6.32851,62.2923,392
20110323,-999.99,-9999,62.0628,-9999
20110330,52.5932,-9.24597,61.8392,3086
20110406,58.6158,-3.01532,61.6311,3465
20110413,54.6184,-6.82661,61.4451,1734
20110420,58.2187,-3.06366,61.2824,2558
20110427,57.9529,-3.18699,61.1399,1929
20110504,58.2048,-2.80649,61.0113,1269
20110511,55.3475,-5.54284,60.8904,1513
20110518,54.9859,-5.78859,60.7745,1866
20110525,55.3402,-5.3287,60.6689,1257
20110601,58.6414,-1.94814,60.5896,2395
20110608,56.3786,-4.18668,60.5653,608
20110615,58.8065,-1.83119,60.6377,2344
20110622,59.754,-1.10506,60.8591,2967
20110629,60.7609,-0.527102,61.288,2670
20110706,60.5506,-1.43302,61.9836,2360
20110713,62.9722,-0.0256151,62.9979,1254
20110720,63.4876,-0.880362,64.368,3230
20110727,67.6088,1.49923,66.1096,3119
20110803,71.6917,3.48115,68.2106,3012
20110810,66.7516,-3.87666,70.6283,2044
20110817,72.837,-0.451799,73.2888,1946
20110824,70.4314,-5.65843,76.0898,3977
20110831,75.8592,-3.04761,78.9068,3131
20110907,77.8493,-3.75208,81.6014,2337
20110914,80.1892,-3.84291,84.0321,2926
20110921,96.586,10.5202,86.0658,3156
20110928,92.0766,4.48805,87.5886,2176
20111005,85.9777,-2.53818,88.5158,1746
20111012,92.9276,4.12812,88.7995,1235
20111019,88.738,0.306223,88.4318,2228
20111026,96.6006,9.15448,87.4461,1153
20111102,81.1392,-4.7743,85.9135,1424
20111109,89.7056,5.76956,83.936,1632
20111116,89.2985,7.6609,81.6376,1607
20111123,71.817,-7.33629,79.1533,1051
20111130,68.1028,-8.51507,76.6178,1465
20111207,65.8709,-8.28392,74.1548,667
20111214,63.0078,-8.86012,71.868,1467
20111221,64.0679,-5.76677,69.8346,1996
20111228,62.3708,-5.73146,68.1023,2347
20120104,67.5942,1.08206,66.5122,2492
20120111,70.652,5.20311,65.4489,1095
20120118,64.3105,-0.345828,64.6564,2480
20120125,62.1271,-1.9589,64.086,1459
20120201,61.4819,-2.20057,63.6824,1174
20120208,57.0058,-6.38503,63.3908,2375
20120215,58.617,-4.54578,63.1628,2533
20120222,65.2697,2.30885,62.9608,2049
20120229,65.2313,2.4712,62.7601,576
20120307,58.5544,-3.99417,62.5485,219
20120314,-999.99,-9999,62.3249,-9999
20120321,59.0398,-3.05565,62.0955,2463
20120328,59.7535,-2.11686,61.8704,2806
20120404,62.6256,0.96599,61.6596,2964
20120411,58.0024,-3.46782,61.4702,2583
20120418,60.8705,-0.433801,61.3043,2460
20120425,57.8957,-3.26353,61.1593,877
20120502,57.977,-3.05215,61.0291,2379
20120509,62.5409,1.63354,60.9074,3081
20120516,59.7108,-1.0799,60.7907,3669
20120523,59.8897,-0.79325,60.6829,2636
20120530,59.2742,-1.32412,60.5984,2174
20120606,56.748,-3.816,60.564,2449
20120613,60.7499,0.130306,60.6196,1789
20120620,61.889,1.07288,60.8161,3188
20120627,63.5262,2.31447,61.2118,1989
20120704,60.0877,-1.77815,61.8658,3350
20120711,64.3485,1.5167,62.8318,1310
20120718,63.3017,-0.847891,64.1496,3250
20120725,64.9224,-0.915769,65.8382,2752
20120801,63.6983,-4.19146,67.8897,3173
20120808,68.2345,-2.03155,70.266,3199
20120815,74.7635,1.866,72.8975,2632
20120822,76.3695,0.683862,75.6856,2065
20120829,76.0977,-2.41081,78.5086,2474
20120905,75.728,-5.50132,81.2294,3698
20120912,77.8776,-5.82862,83.7063,3488
20120919,87.3691,1.56489,85.8042,2780
20120926,91.1029,3.69701,87.4059,2126
20121003,89.6951,1.27299,88.4221,3490
20121010,89.0141,0.215053,88.7991,2542
20121017,98.3752,9.85188,88.5234,2827
20121024,94.1219,6.49947,87.6225,2650
20121031,87.6811,1.5187,86.1624,2394
20121107,79.7998,-4.44144,84.2412,1144
20121114,83.5005,1.51999,81.9805,2001
20121121,80.4336,0.919215,79.5144,2049
20121128,86.6863,9.708,76.9783,1890
20121205,75.8968,1.39879,74.498,2052
20121212,80.3904,8.20979,72.1806,2163
20121219,66.8905,-3.21694,70.1075,2111
20121226,65.3013,-3.02906,68.3304,2557
20130102,66.4731,-0.397868,66.871,3751
20130109,70.0944,4.3712,65.7232,3315
20130116,73.6318,8.77397,64.8578,2127
20130123,65.0238,0.794259,64.2295,2643
20130130,59.2846,-4.49939,63.784,3184
20130206,61.1827,-2.28297,63.4657,3175
20130213,62.381,-0.84286,63.2239,1726
20130220,60.7218,-2.2958,63.0176,2602
20130227,61.2687,-1.54961,62.8183,1216
20130306,58.2069,-4.4034,62.6103,1715
20130313,61.2418,-1.14796,62.3898,2923
20130320,60.351,-1.81002,62.161,2784
20130327,57.2598,-4.67383,61.9336,420
20130403,-999.99,-9999,61.7179,-9999
20130410,62.5344,1.01248,61.5219,3032
20130417,60.2907,-1.05866,61.3493,2199
20130424,58.3384,-2.8605,61.1989,2887
20130501,62.6771,1.61194,61.0652,2690
20130508,63.0803,2.13871,60.9416,2731
20130515,59.2541,-1.56937,60.8234,1376
20130522,59.5577,-1.15446,60.7122,1690
20130529,62.8596,2.24075,60.6188,1549
20130605,58.5699,-1.99667,60.5666,1386
20130612,61.0739,0.482224,60.5917,1353
20130619,60.6017,-0.140616,60.7423,2203
20130626,62.4723,1.39741,61.0749,2366
20130703,66.0538,4.4045,61.6493,2994
20130710,65.0714,2.55,62.5214,2596
20130717,65.8092,2.07357,63.7356,1349
20130724,64.2945,-1.0233,65.3178,3480
20130731,63.9385,-3.32966,67.2682,2834
20130807,66.1881,-3.36932,69.5574,2959
20130814,67.3826,-4.74219,72.1248,2934
20130821,69.4126,-5.46718,74.8798,2867
20130828,70.4883,-7.21791,77.7063,2924
20130904,80.4648,-0.00591882,80.4707,3321
20130911,79.1587,-3.87283,83.0316,2339
20130918,82.5976,-2.65307,85.2507,2716
20130925,83.473,-3.53175,87.0047,3798
20131002,88.3846,0.189232,88.1953,2711
20131009,79.8365,-8.92169,88.7582,3194
20131016,78.5218,-10.1461,88.6679,2810
20131023,79.8103,-8.13019,87.9405,2657
20131030,76.746,-9.88538,86.6314,2783
20131106,76.5948,-8.23564,84.8304,2779
20131113,66.7506,-15.9028,82.6534,1988
20131120,69.0112,-11.2208,80.232,1808
20131127,68.1956,-9.50682,77.7024,2759
20131204,66.9407,-8.25358,75.1943,1708
20131211,61.9242,-10.8966,72.8208,2001
20131218,64.8307,-5.84056,70.6713,2987
20131225,61.4197,-7.38636,68.8061,1687
20140101,64.5688,-2.49116,67.06,2696
20140108,60.7023,-5.16665,65.869,2794
20140115,69.2251,4.25936,64.9657,3187
20140122,68.1724,3.86564,64.3067,2218
20140129,62.912,-0.926605,63.8386,3196
20140205,63.9729,0.46748,63.5054,2349
20140212,68.3007,5.04534,63.2554,1820
20140219,62.0002,-1.04587,63.0461,1894
20140226,61.9829,-0.864105,62.847,1874
20140305,60.6442,-1.9966,62.6408,2078
20140312,64.7081,2.28614,62.4219,2862
20140319,60.6004,-1.59353,62.1939,2343
20140326,59.5835,-2.38208,61.9656,140
20140402,60.9438,-0.803823,61.7476,823
20140409,59.0337,-2.51481,61.5485,1106
20140416,61.2632,-0.109374,61.3726,3452
20140423,61.933,0.713776,61.2192,2488
20140430,60.5854,-0.498126,61.0835,1246
20140507,57.9198,-3.03905,60.9588,1476
20140514,57.5164,-3.32364,60.84,2558
20140521,63.4267,2.69932,60.7274,2001
20140528,61.8554,1.22509,60.6303,1620
20140604,60.3883,-0.181991,60.5703,1715
20140611,62.4678,1.88608,60.5817,1838
20140618,62.5636,1.85262,60.711,2637
20140625,62.4191,1.40516,61.014,2157
20140702,63.2629,1.71268,61.5502,2571
20140709,63.9645,1.58783,62.3767,2311
20140716,62.4325,-1.10746,63.54,1882
20140723,65.2899,0.221007,65.0689,1767
20140730,64.9913,-1.9765,66.9678,3396
20140806,65.8072,-3.40438,69.2116,3151
20140813,66.3086,-5.43552,71.7442,1769
20140820,66.8646,-7.61425,74.4789,2596
20140827,72.7336,-4.56945,77.303,3863
20140903,70.8043,-9.28066,80.0849,2460
20140910,72.406,-10.2775,82.6835,3052
20140917,75.2153,-9.74423,84.9595,1702
20140924,82.7411,-4.04556,86.7867,2521
20141001,84.8451,-3.21752,88.0626,3285
20141008,83.1567,-5.56094,88.7176,2561
20141015,76.5247,-12.1959,88.7206,3043
20141022,89.4102,1.32849,88.0817,2645
20141029,88.3206,1.46969,86.8509,2259
20141105,82.6204,-2.49321,85.1136,2583
20141112,90.3711,7.38854,82.9825,2517
20141119,86.0472,5.45948,80.5877,1707
20141126,72.2308,-5.83459,78.0654,1499
20141203,71.3992,-4.14757,75.5468,1020
20141210,67.8538,-5.29416,73.148,1903
20141217,63.9326,-7.02946,70.962,2585
20141224,62.6057,-6.44798,69.0537,1334
20141231,64.3343,-3.12306,67.4573,2407
20150107,60.3148,-5.7059,66.0207,1250
20150114,60.4924,-4.58628,65.0787,1509
20150121,61.5676,-2.82033,64.3879,2190
20150128,57.2884,-6.60753,63.8959,2611
20150204,59.1114,-4.43531,63.5468,2801
20150211,63.5978,0.310017,63.2878,3372
20150218,64.0655,0.990745,63.0748,2327
20150225,64.5623,1.68665,62.8756,2592
20150304,63.4189,0.747811,62.6711,3059
20150311,58.661,-3.79292,62.4539,3251
20150318,61.8711,-0.355669,62.2267,2938
20150325,62.679,0.681148,61.9978,555
20150401,-999.99,-9999,61.7778,-9999
20150408,58.733,-2.84258,61.5756,2419
20150415,64.8275,3.43122,61.3962,1216
20150422,56.0853,-5.15455,61.2399,2058
20150429,58.0177,-3.08433,61.1021,1818
20150506,61.4148,0.438611,60.9762,2701
20150513,58.3065,-2.5502,60.8567,2378
20150520,58.6486,-2.09428,60.7428,1163
20150527,60.3777,-0.264848,60.6426,879
20150603,59.9041,-0.671356,60.5754,2253
20150610,61.5837,1.00965,60.574,1408
20150617,58.2905,-2.39275,60.6833,1200
20150624,60.1112,-0.846576,60.9578,2270
20150701,61.0411,-0.416037,61.4571,2178
20150708,62.8952,0.656293,62.2389,2465
20150715,62.6465,-0.705327,63.3519,1738
20150722,64.941,0.113346,64.8277,1430
20150729,67.0329,0.358426,66.6745,2805
20150805,69.1983,0.326615,68.8717,2398
20150812,68.5871,-2.78055,71.3677,2403
20150819,71.7048,-2.37502,74.0798,2106
20150826,68.6668,-8.23211,76.8989,1406
20150902,75.1485,-4.54687,79.6954,2390
20150909,80.5736,-1.7553,82.3289,2432
20150916,82.9675,-1.69167,84.6591,2799
20150923,81.4918,-5.06553,86.5573,3338
20150930,87.8368,-0.0803055,87.9171,3789
20151007,102.478,13.8141,88.6637,3439
20151014,90.8434,2.08328,88.7602,2836
20151021,100.239,12.028,88.2108,2269
20151028,96.7241,9.66404,87.0601,2014
20151104,90.4352,5.04642,85.3888,1243
20151111,89.3123,6.00605,83.3063,1741
20151118,92.185,11.2442,80.9408,3265
20151125,93.9192,15.4908,78.4284,2752
20151202,79.121,3.21931,75.9017,2561
20151209,77.566,4.08644,73.4795,1644
20151216,82.3159,11.0574,71.2585,2245
20151223,76.8676,7.55998,69.3077,1974
20151230,72.2704,4.60462,67.6658,1301
20160106,67.5391,1.3607,66.1784,1903
20160113,70.5296,5.33291,65.1967,1998
20160120,68.6466,4.17354,64.4731,1579
20160127,67.6062,3.65004,63.9562,1802
20160203,63.4741,-0.115854,63.59,1523
20160210,67.6247,4.30368,63.321,3181
20160217,68.3362,5.23239,63.1038,1313
20160224,-999.99,-9999,62.9041,-9999
20160302,-999.99,-9999,62.701,-9999
20160309,67.3884,4.90267,62.4857,1240
20160316,67.081,4.82152,62.2595,1574
20160323,64.7836,2.75332,62.0302,2375
20160330,64.7678,2.95949,61.8083,2026
20160406,64.3718,2.76869,61.6031,2448
20160413,64.0951,2.67466,61.4204,2318
20160420,64.4515,3.19054,61.2609,1564
20160427,62.8539,1.73299,61.1209,2251
20160504,62.3962,1.40247,60.9937,1917
20160511,63.2075,2.33397,60.8735,1807
20160518,63.3979,2.63931,60.7586,1735
20160525,65.9614,5.30591,60.6555,1548
20160601,60.2522,-0.329756,60.5819,1038
20160608,60.4764,-0.0922,60.5686,1431
20160615,58.4536,-2.20525,60.6589,1198
20160622,59.1908,-1.71546,60.9062,1208
20160629,61.099,-0.270788,61.3698,2514
20160706,62.2216,0.113694,62.108,1618
20160713,60.8332,-2.33793,63.1712,2159
20160720,62.1673,-2.42672,64.594,1756
20160727,62.4395,-3.94886,66.3884,2209
20160803,64.0754,-4.46255,68.538,2455
20160810,67.1307,-3.86488,70.9956,2569
20160817,71.4941,-2.18891,73.683,3416
20160824,67.5019,-8.99254,76.4944,2265
20160831,71.605,-7.69758,79.3026,1289
20160907,90.1061,8.13802,81.9681,2365
20160914,80.6352,-3.71472,84.3499,1302
20160921,73.9896,-12.3273,86.3169,1395
20160928,76.1216,-11.6374,87.759,2132
20161005,79.9287,-8.66769,88.5964,2411
20161012,78.474,-10.3125,88.7865,2943
20161019,72.1316,-16.1959,88.3275,1507
20161026,82.2097,-5.04894,87.2586,2659
20161102,72.8528,-12.8028,85.6556,2678
20161109,77.6108,-6.01344,83.6242,1909
20161116,72.9307,-8.36025,81.2909,2250
20161123,71.6587,-7.1325,78.7912,1892
20161130,67.2806,-8.97824,76.2588,2306
20161207,68.0968,-5.7184,73.8152,1032
20161214,64.741,-6.81951,71.5605,2252
20161221,60.5281,-9.03989,69.568,2012
20161228,65.329,-2.5518,67.8808,2032
20170104,61.2269,-5.28529,66.5122,2092
20170111,63.4166,-2.03222,65.4489,1470
20170118,61.2177,-3.43867,64.6564,2087
20170125,59.664,-4.42206,64.086,1715
20170201,63.8982,0.215771,63.6824,1991
20170208,62.6145,-0.776311,63.3908,3048
20170215,60.3663,-2.79648,63.1628,2773
20170222,58.774,-4.18684,62.9608,3459
20170301,57.9158,-4.8443,62.7601,3471
20170308,54.678,-7.87056,62.5485,95
20170315,-999.99,-9999,62.3249,-9999
20170322,60.0566,-2.03882,62.0955,1949
20170329,60.0251,-1.84524,61.8704,2792
20170405,56.9157,-4.74389,61.6596,3319
20170412,60.2073,-1.2629,61.4702,3499
20170419,62.1179,0.813614,61.3043,1377
20170426,54.9806,-6.17861,61.1593,2020
20170503,58.0005,-3.02863,61.0291,1805
20170510,58.3282,-2.57921,60.9074,2859
20170517,58.2866,-2.50405,60.7907,1607
20170524,58.907,-1.7759,60.6829,3557
20170531,59.2393,-1.35908,60.5984,3647
20170607,57.4193,-3.14468,60.564,2665
20170614,62.5891,1.96949,60.6196,2341
20170621,62.5383,1.72216,60.8161,2432
20170628,59.032,-2.17982,61.2118,2320
20170705,62.3834,0.517588,61.8658,2502
20170712,60.283,-2.5488,62.8318,2275
20170719,64.3516,0.202007,64.1496,2869
20170726,65.3046,-0.533603,65.8382,3333
20170802,62.8536,-5.03616,67.8897,2102
20170809,64.4447,-5.82133,70.266,3047
20170816,67.7174,-5.18005,72.8975,2953
20170823,70.0003,-5.68527,75.6856,2614
20170830,70.4629,-8.0457,78.5086,2918
20170906,71.1471,-10.0823,81.2294,2337
20170913,76.5704,-7.13588,83.7063,2358
20170920,92.5586,6.7544,85.8042,3299
20170927,86.6952,-0.710692,87.4059,1573
20171004,86.6954,-1.72666,88.4221,1712
20171011,92.0836,3.2845,88.7991,1721
20171018,83.0696,-5.45377,88.5234,2337
20171025,84.7365,-2.88596,87.6225,2325
20171101,89.954,3.79161,86.1624,2375
20171108,79.7421,-4.49913,84.2412,1832
20171115,76.0839,-5.89665,81.9805,1571
20171122,71.1651,-8.34934,79.5144,1877
20171129,76.5325,-0.445837,76.9783,722
20171206,64.6429,-9.85516,74.498,2432
20171213,68.3736,-3.807,72.1806,3144
20171220,69.0006,-1.10685,70.1075,2022
20171227,72.5587,4.22834,68.3304,1571
20180103,64.9022,-1.78623,66.6884,3071
20180110,67.7471,2.1639,65.5832,1664
20180117,66.8602,2.10541,64.7547,3105
20180124,73.2181,9.06211,64.156,2166
20180131,62.9264,-0.805578,63.732,1175
20180207,62.4951,-0.932431,63.4275,3188
20180214,64.8357,1.64272,63.193,2153
20180221,65.5802,2.591,62.9892,1577
20180228,62.5953,-0.193985,62.7893,2728
20180307,57.949,-4.63058,62.5796,1839
20180314,61.5099,-0.847521,62.3574,830
20180321,-999.99,-9999,62.1282,-9999
20180328,60.2545,-1.64741,61.9019,3039
20180404,63.6846,1.99604,61.6885,3614
20180411,62.802,1.3062,61.4958,3322
20180418,59.6872,-1.63934,61.3266,2825
20180425,61.4236,0.244675,61.1789,3057
20180502,59.5551,-1.492,61.0471,2115
20180509,59.1376,-1.78683,60.9244,2666
20180516,59.9199,-0.88707,60.807,2520
20180523,61.4577,0.760387,60.6973,1956
20180530,59.4402,-1.16794,60.6081,1946
20180606,60.5115,-0.0528857,60.5644,1625
20180613,59.1374,-1.46689,60.6043,1531
20180620,60.0792,-0.69808,60.7773,1778
20180627,59.6222,-1.51861,61.1408,1388
20180704,60.8809,-0.873555,61.7545,2256
20180711,62.8235,0.150422,62.673,2357
20180718,62.9684,-0.970445,63.9388,2578
20180725,66.4705,0.896236,65.5742,2069
20180801,64.9098,-2.66576,67.5755,2615
20180808,66.5326,-3.37636,69.909,2451
20180815,76.1124,3.60302,72.5094,2548
20180822,71.3851,-3.89701,75.2821,2117
20180829,71.9904,-6.11786,78.1082,2356
20180905,72.5915,-8.26081,80.8523,2302
20180912,92.9364,9.56379,83.3726,3177
20180919,75.0406,-10.4918,85.5324,3203
20180926,80.7598,-6.45134,87.2112,2238
20181003,88.4063,0.0910418,88.3152,13
20181010,79.1653,-9.62002,88.7853,1140
20181017,83.0453,-5.55677,88.6021,1860
20181024,82.2159,-5.57144,87.7873,2999
20181031,81.094,-5.30772,86.4018,1708
20181107,73.4379,-11.1016,84.5395,1698
20181114,73.73,-8.58929,82.3193,1867
20181121,69.9548,-9.91937,79.8741,1624
20181128,68.6211,-8.71883,77.34,2418
20181205,69.2572,-5.58742,74.8446,2612
20181212,68.8243,-3.67402,72.4983,1460
20181219,67.0646,-3.32178,70.3864,2893
20181226,65.923,-2.64195,68.565,3575
20190102,67.7892,0.918206,66.871,2763
20190109,62.4254,-3.29779,65.7232,2794
20190116,70.226,5.3682,64.8578,2988
20190123,71.4122,7.18272,64.2295,2213
20190130,63.2987,-0.485287,63.784,1879
20190206,63.1653,-0.30041,63.4657,2153
20190213,60.4222,-2.80171,63.2239,3376
20190220,64.5281,1.51049,63.0176,3820
20190227,65.2797,2.46146,62.8183,2886
20190306,63.9898,1.37944,62.6103,2746
20190313,68.9289,6.53914,62.3898,465
20190320,-999.99,-9999,62.161,-9999
20190327,56.8496,-5.08401,61.9336,1529
20190403,58.4406,-3.27729,61.7179,3323
20190410,59.5993,-1.92257,61.5219,2829
20190417,64.0468,2.69748,61.3493,3180
20190424,58.1213,-3.07762,61.1989,1516
20190501,56.6808,-4.38437,61.0652,1305
20190508,59.5012,-1.44042,60.9416,2562
20190515,60.1841,-0.639318,60.8234,2021
20190522,62.225,1.51286,60.7122,1993
20190529,59.2382,-1.38066,60.6188,2047
20190605,58.4792,-2.08743,60.5666,2379
20190612,60.5615,-0.0302194,60.5917,1627
20190619,59.1482,-1.5941,60.7423,2034
20190626,64.5157,3.44076,61.0749,2533
20190703,63.2342,1.58494,61.6493,2286
20190710,63.6256,1.10421,62.5214,2264
20190717,63.5361,-0.199542,63.7356,2643
20190724,65.6786,0.360771,65.3178,1936
20190731,-999.99,-9999,67.2682,-9999
20190807,-999.99,-9999,69.5574,-9999
20190814,-999.99,-9999,72.1248,-9999
20190821,-999.99,-9999,74.8798,-9999
20190828,70.2812,-7.42508,77.7063,2922
20190904,78.2377,-2.23304,80.4707,2957
20190911,81.2858,-1.74577,83.0316,3266
20190918,84.0048,-1.24589,85.2507,2364
20190925,85.3111,-1.69359,87.0047,1912
20191002,90.052,1.85671,88.1953,3576
20191009,90.7346,1.97646,88.7582,2776
20191016,90.9464,2.2785,88.6679,2080
20191023,84.7923,-3.14816,87.9405,2929
20191030,80.0095,-6.62187,86.6314,1976
20191106,79.315,-5.51542,84.8304,2489
20191113,77.251,-5.40243,82.6534,3260
20191120,84.0852,3.85323,80.232,2996
20191127,74.8625,-2.83992,77.7024,1862
20191204,70.9689,-4.22536,75.1943,2940
20191211,79.2482,6.42738,72.8208,2957
20191218,100.002,29.3311,70.6713,3347
20191225,111.904,43.0977,68.8061,2239
